Year,Agra,Ahmedabad,Amsterdam,Ayutthaya,Beijing,Berlin,Bijapur,Birmingham,Boston,Buenos Aires,Cairo,Chicago,Cuttack,Delhi,Dhaka,Edirne,Esfahan,Fez,Gauda,Guangzhou,Hangzhou,Istanbul,Karachi,Kolkata,Kyoto,Lisbon,London,Los Angeles,Lucknow,Manchester,Mashhad,Mexico City,Moscow,Mumbai,Nanjing,Naples,New York,Osaka,Paris,Pegu,Philadelphia,Rio de Janeiro,Saint Petersburg,Sao Paulo,Seoul,Shanghai,Suzhou,Tabriz,Tokyo,Venice,Vienna,Vijayanagar
1500,,,,,672,,,,,,400,,140,,,,,130,200,150,250,200,,,,,,,,,,,,,147,,,,185,,,,,,,,,250,,,,500
1501,,,,,672.36,,,,,,399.2,,139,,,,,130.0769231,200,150.2,250.2,205,,,,,,,,,,,,,147.0008667,,,,185.5,,,,,,,,,248,,,,499.6
1502,,,,,672.72,,,,,,398.4,,138,,,,,130.1538462,200,150.4,250.4,210,,,,,,,,,,,,,147.0017333,,,,186,,,,,,,,,246,,,,499.2
1503,,,,,673.08,,,,,,397.6,,137,,,,,130.2307692,200,150.6,250.6,215,,,,,,,,,,,,,147.0026,,,,186.5,,,,,,,,,244,,,,498.8
1504,,,,,673.44,,,,,,396.8,,136,,,,,130.3076923,200,150.8,250.8,220,,,,,,,,,,,,,147.0034667,,,,187,,,,,,,,,242,,,,498.4
1505,,,,,673.8,,,,,,396,,135,,,,,130.3846154,200,151,251,225,,,,,,,,,,,,,147.0043333,,,,187.5,,,,,,,,,240,,,,498
1506,,,,,674.16,,,,,,395.2,,134,,,,,130.4615385,200,151.2,251.2,230,,,,,,,,,,,,,147.0052,,,,188,,,,,,,,,238,,,,497.6
1507,,,,,674.52,,,,,,394.4,,133,,,130.64,,,200,151.4,251.4,235,,,,,,,,,,,,,147.0060667,,,,188.5,,,,,,,,,236,,,,497.2
1508,,,,,674.88,,,,,,393.6,,132,,,131.16,,,200,151.6,251.6,240,,,,,,,,,,,,,147.0069333,,,,189,,,,,,,,,234,,,,496.8
1509,,,,,675.24,,,,,,392.8,,,,,,,,200,151.8,251.8,245,,,,,,,,,,,,,147.0078,132.3134681,,,189.5,,,,,,,,131.8181818,232,,,,496.4
1510,,,,,675.6,,,,,,392,,,,,,,,200,152,252,250,,,,,,,,,,,,,147.0086667,134.3482979,,,190,,,,,,,,132.9090909,230,,,,496
1511,,,,,675.96,,,,,,391.2,,,,,,,,200,152.2,252.2,260,,,,,,,,,,,,,147.0095333,136.3831277,,,190.5,,,,,,,,134,228,,,,495.6
1512,,,,,676.32,,,,,,390.4,,,,,,,,200,152.4,252.4,270,,,,,,,,,,,,,147.0104,138.4179574,,,191,,,,,,,,135.0909091,226,,,,495.2
1513,,,,,676.68,,,,,,389.6,,,,,,,,200,152.6,252.6,280,,,,,,,,,,,,,147.0112667,140.4527872,,,191.5,,,,,,,,136.1818182,224,,,,494.8
1514,,,,,677.04,,,,,,388.8,,,,,,,,200,152.8,252.8,290,,,,,,,,,,,,,147.0121333,142.487617,,,192,,,,,,,,137.2727273,222,,,,494.4
1515,,,,,677.4,,,,,,388,,,,,,,,197.2222222,153,253,300,,,,,,,,,,,,,147.013,144.5224468,,,192.5,,,,,,,,138.3636364,220,,,,494
1516,,,,,677.76,,,,,,387.2,,,,,,,,194.4444444,153.2,253.2,307.6923077,,,,,,,,,,,,,148.0126286,146.5572766,,,193,,,,,,,,139.4545455,218,,,,493.6
1517,,,,,678.12,,,,,,386.4,,,,,,,,191.6666667,153.4,253.4,315.3846154,,,,,,,,,,,,,149.0122571,148.5921064,,,193.5,,,,,,,,140.5454545,216,,,,493.2
1518,,,,,678.48,,,,,,385.6,,,,,,,,188.8888889,153.6,253.6,323.0769231,,,,,,,,,,,,,150.0118857,150.6269362,,,194,,,,,,,,141.6363636,214,,,,492.8
1519,,,,,678.84,,,,,,384.8,,,,,,,,186.1111111,153.8,253.8,330.7692308,,,,,,,,,,,,,151.0115143,152.661766,,,194.5,,,,,,,,142.7272727,212,,,,492.4
1520,,,,,679.2,,,,,,384,,,,,,,,183.3333333,154,254,338.4615385,,,,,,,,,,,,,152.0111429,154.6965957,,,195,,,,,,,,143.8181818,210,,,,492
1521,,,,,679.56,,,,,,383.2,,,,,,,,180.5555556,154.2,254.2,346.1538462,,,,,,,,,,,,,153.0107714,156.7314255,,,195.5,,,,,,,,144.9090909,208,,,,491.6
1522,,,,,679.92,,,,,,382.4,,,,,,,,177.7777778,154.4,254.4,353.8461538,,,,,,,,,,,,,154.0104,158.7662553,,,196,,,,,,,,146,206,,,,491.2
1523,,,,,680.28,,,,,,381.6,,,,,,,,175,154.6,254.6,361.5384615,,,,,,,,,,,,,155.0100286,160.8010851,,,196.5,,,,,,,,145.3571429,204,,,,490.8
1524,,,,,680.64,,,,,,380.8,,,,,,,,172.2222222,154.8,254.8,369.2307692,,,,,,,,,,,,,156.0096571,162.8359149,,,197,,,,,,,,144.7142857,202,,,,490.4
1525,,,,,681,,,,,,380,,,,,,,,169.4444444,155,255,376.9230769,,,,,,,,,,,,,157.0092857,164.8707447,,,197.5,,,,,,,,144.0714286,200,,,,490
1526,,,,,681.36,,,,,,379.2,,,,,,,,166.6666667,155.2,255.2,384.6153846,,,,,,,,,,,,,158.0089143,166.9055745,,,198,,,,,,,,143.4285714,198,,,,489.6
1527,,,,,681.72,,,,,,378.4,,,,,,,,163.8888889,155.4,255.4,392.3076923,,,,,,,,,,,,,159.0085429,168.9404043,,,198.5,,,,,,,,142.7857143,196,,,,489.2
1528,,,,,682.08,,,,,,377.6,,,,,,,,161.1111111,155.6,255.6,400,,,,,,,,,,,,,160.0081714,170.975234,,,199,,,,,,,,142.1428571,194,,,,488.8
1529,,,,,682.44,,,,,,376.8,,,,,142.56,,,158.3333333,155.8,255.8,411.8181818,,,,,,,,,,,,,161.0078,173.0100638,,,199.5,,,,,,,,,192,,,,488.4
1530,,,,,682.8,,,,,,376,,,,,,,,155.5555556,156,256,423.6363636,,,,,,,,,,,,,162.0074286,175.0448936,,,200,,,,,,,,,190,,143.6829268,,488
1531,,,,,683.16,,,,,,375.2,,,,,,,,152.7777778,156.2,256.2,435.4545455,,,,,,,,,,,,,163.0070571,177.0797234,,,200.5,,,,,,,,,188,,145.0487805,,487.6
1532,,,,,683.52,,,,,,374.4,,,,,,,,150,156.4,256.4,447.2727273,,,,,,,,,,,,,164.0066857,179.1145532,,,201,,,,,,,,,186,,146.4146341,,487.2
1533,,,,,683.88,,,,,,373.6,,,,,,,,147.2222222,156.6,256.6,459.0909091,,,,,,,,,,,,,165.0063143,181.149383,,,201.5,,,,,,,,,184,,147.7804878,,486.8
1534,,,,,684.24,,,,,,372.8,,,,,145.76,,,,156.8,256.8,470.9090909,,,,,,,,,,,,,166.0059429,183.1842128,,,202,,,,,,,,,182,,149.1463415,,486.4
1535,,,,,684.6,,,,,,372,,,,,146.4,,,,157,257,482.7272727,,,,,,,,,,,,,167.0055714,185.2190426,,,202.5,,,,,,,,,180,,150.5121951,,486
1536,,,,,684.96,,,,,,371.2,,,,,147.04,,,,157.2,257.2,494.5454545,,,,,,,,,,,,,168.0052,187.2538723,,,203,,,,,,,,,178,,151.8780488,,485.6
1537,,,,,685.32,,,,,,370.4,,,,,147.68,,,,157.4,257.4,506.3636364,,,,,,,,,,,,,169.0048286,189.2887021,,,203.5,,,,,,,,,176,,153.2439024,,485.2
1538,,,,,685.68,,,,,,369.6,,,,,148.32,,,,157.6,257.6,518.1818182,,,,,,,,,,,,,170.0044571,191.3235319,,,204,,,,,,,,,174,,154.6097561,,484.8
1539,,,,,686.04,,,,,,368.8,,,,,148.96,,,,157.8,257.8,530,,,,,,,,,,,,,171.0040857,193.3583617,,,204.5,,,,,,,,,172,,155.9756098,,484.4
1540,,,,,686.4,,,,,,368,,,,,149.6,,,,158,258,541.8181818,,,,,,,,,,,,,172.0037143,195.3931915,,,205,,,,,,,,,170,,157.3414634,,484
1541,,,,,686.76,,,,,,367.2,,,,,150.24,,,,158.2,258.2,553.6363636,,,,,,,,,,,,,173.0033429,197.4280213,,,205.5,,,,,,,,,168,,158.7073171,,483.6
1542,,,,,687.12,,,,,,366.4,,,,,150.88,,,,158.4,258.4,565.4545455,,,,,,,,,,,,,174.0029714,199.4628511,,,206,,,,,,,,,166,,160.0731707,,483.2
1543,,,,,687.48,,,,,,365.6,,,,,151.52,,,,158.6,258.6,577.2727273,,,,,,,,,,,,,175.0026,201.4976809,,,206.5,,,,,,,,,164,,161.4390244,,482.8
1544,,,,,687.84,,,,,,364.8,,,,,152.16,,,,158.8,258.8,589.0909091,,,,,,,,,,,,,176.0022286,203.5325106,,,207,,,,,,,,,162,,162.804878,,482.4
1545,,,,,688.2,,,,,,364,,,,,152.8,,,,159,259,600.9090909,,,,,,,,,,,,,177.0018571,205.5673404,,,207.5,,,,,,,,,160,,164.1707317,,482
1546,,,,,688.56,,,,,,363.2,,,,,153.44,,,,159.2,259.2,612.7272727,,,,,,,,,,,,,178.0014857,207.6021702,,,208,,,,,,,,,158,,165.5365854,,481.6
1547,,,,,688.92,,,,,,362.4,,,,,154.08,,,,159.4,259.4,624.5454545,,,,,,,,,,,,,179.0011143,209.637,,,208.5,,,,,,,,,156,,166.902439,,481.2
1548,,,,,689.28,,,,,,361.6,,,,,154.72,,,,159.6,259.6,636.3636364,,,,,,,,,,,,,180.0007429,209.4246667,,,209,,,,,,,,,154,,168.2682927,,480.8
1549,,,,,689.64,,,,,,360.8,,,,,155.36,,,,159.8,259.8,648.1818182,,,,,,,,,,,,,181.0003714,209.2123333,,,209.5,,,,,,,,,152,,169.6341463,,480.4
1550,,,,157,690,,,,,,360,,,,,156,,,,160,260,660,,,,,,,,,,,,,182,209,,,210,,,,,,,,,,,171,,480
1551,,,,,690.64,,,,,,356.6,,,,,156.6,,,,160.4,260,660,,,,,,,,,,,,,182.24,208.6666667,,,210.4,151,,,,,,,,,,171.8461538,,480
1552,,,,,691.28,,,,,,353.2,,,,,157.2,,,,160.8,260,660,,,,,,,,,,,,,182.48,208.3333333,,,210.8,152,,,,,,,,,,172.6923077,,480
1553,,,,,691.92,,,,,,349.8,,,,,157.8,,,,161.2,260,660.8695652,,,,,,,,,,,,,182.72,208,,,211.2,153,,,,,,,,,,173.5384615,,480
1554,,,,,692.56,,,,,,346.4,,,,,158.4,,,,161.6,260,661.7391304,,,,,,,,,,,,,182.96,208.3181818,,,211.6,154,,,,,,,,,,174.3846154,,480
1555,,,,,693.2,,,,,,343,,,,,159,,,,162,260,662.6086957,,,,,,,,,,,,,183.2,208.6363636,,,212,155,,,,,,,,,,175.2307692,,480
1556,,,,,693.84,,,,,,339.6,,,,,159.6,,,,162.4,260,663.4782609,,,157.1428571,,,,,,,,,,183.44,208.9545455,,,212.4,,,,,,,,,,,176.0769231,,480
1557,,,,,694.48,,,,,,336.2,,,,,160.2,,,,162.8,260,664.3478261,,,166.6666667,,,,,,,,,,183.68,209.2727273,,,212.8,,,,,,,,,,,176.9230769,,480
1558,,,,,695.12,,,,,,332.8,,,,,160.8,,,,163.2,260,665.2173913,,,176.1904762,,,,,,,,,,183.92,209.5909091,,,213.2,,,,,,,,,,,177.7692308,,480
1559,,,,,695.76,,,,,,329.4,,,,,161.4,,,,163.6,260,666.0869565,,,185.7142857,,,,,,,,,,184.16,209.9090909,,,213.6,,,,,,,,,,,178.6153846,,480
1560,,,,,696.4,,,,,,326,,,,,162,,,,164,260,666.9565217,,,195.2380952,,,,,,,,,,184.4,210.2272727,,,214,,,,,,,,,,,179.4615385,,480
1561,,,,,697.04,,,,,,322.6,,,,,162.6,,,,164.4,260,667.826087,,,204.7619048,,,,,,,,,,184.64,210.5454545,,,214.4,,,,,,,,,,,180.3076923,,480
1562,,,,,697.68,,,,,,319.2,,,,,163.2,,,,164.8,260,668.6956522,,,214.2857143,,,,,,,,,,184.88,210.8636364,,,214.8,,,,,,,,,,,181.1538462,,480
1563,,,,,698.32,,,,,,315.8,,,,,163.8,,,,165.2,260,669.5652174,,,223.8095238,,,,,,,,,,185.12,211.1818182,,,215.2,,,,,,,,,,,182,,480
1564,,,,,698.96,,,,,,312.4,,,,,164.4,,,,165.6,260,670.4347826,,,233.3333333,,,,,,,,,,185.36,211.5,,,215.6,,,,,,,,,,,179.9166667,,480
1565,,,,,699.6,,,,,,309,,,,,165,,,,166,260,671.3043478,,,242.8571429,,,,,,,,,,185.6,211.8181818,,,216,,,,,,,,,,,177.8333333,,480
1566,,,,,700.24,,,,,,305.6,,,,,165.6,,,,166.4,260,672.173913,,,252.3809524,,,,,,,,,,185.84,212.1363636,,,216.4,166,,,,,,,,,,175.75,,50
1567,,,,,700.88,,,,,,302.2,,,,,166.2,,,,166.8,260,673.0434783,,,261.9047619,,,,,,,,,,186.08,212.4545455,,,216.8,167,,,,,,,,,,173.6666667,,
1568,,,,,701.52,,,,,,298.8,,,,,166.8,,,,167.2,260,673.9130435,,,271.4285714,,,,,,,,,,186.32,212.7727273,,,217.2,168,,,,,,,,,,171.5833333,,
1569,,,,,702.16,,,,,,295.4,,,,,167.4,,,,167.6,260,674.7826087,,,280.952381,,,,,,,,,,186.56,213.0909091,,,217.6,169,,,,,,,,,,169.5,,
1570,,,,,702.8,,,,,,292,,,,,168,,,,168,260,675.6521739,,,290.4761905,,,,,,,,,,186.8,213.4090909,,,218,170,,,,,,,,,,167.4166667,,
1571,,,,,703.44,,,,,,288.6,,,,,168.6,,,,168.4,260,676.5217391,,,300,,,,,,,,,,187.04,213.7272727,,,218.4,171,,,,,,,,,,165.3333333,,
1572,,,,,704.08,,,,,,285.2,,,,,169.2,,,,168.8,260,677.3913043,,,300,,,,,,,,,,187.28,214.0454545,,,218.8,172,,,,,,,,,,163.25,,
1573,,163,,,704.72,,,,,,281.8,,,,,169.8,,,,169.2,260,678.2608696,,,300,,,,,,,,,,187.52,214.3636364,,,219.2,173,,,,,,,,,,,,
1574,,164,,,705.36,,,,,,278.4,,,,,170.4,,,,169.6,260,679.1304348,,,300,,,,,,,,,,187.76,214.6818182,,,219.6,174,,,,,,,,,,,,
1575,200,,,,706,,,,,,275,,,,,171,,,,170,260,680,,,300,,,,,,,,,,188,215,,,220,175,,,,,,,,,,,,
1576,212,,,,706.21525,,,,,,272,,,,,171.6666667,,,,170.4,260.4,680.8,,,300,,,,,,,,,,188.3529412,215.3644,,,220,173.8095238,,,,,,,,,,,,
1577,224,,,,706.4305,,,,,,269,,,,,172.3333333,,,,170.8,260.8,681.6,,,300,,,,,,,,,,188.7058824,215.7288,,,220,172.6190476,,,,,,,,,,,,
1578,236,,,,706.64575,,,,,,266,,,,,173,,,,171.2,261.2,682.4,,,300,,,,,,,,,,189.0588235,216.0932,,,220,171.4285714,,,,,,,,,,,,
1579,248,171.6666667,,,706.861,,,,,,263,,,,,171.9545455,,,,171.6,261.6,683.2,,,300,,,,,,,,,,189.4117647,216.4576,,,220,,,,,,,,,,,,,
1580,260,173.3333333,,,706.82,,,,,,260,,,,,170.9090909,,,,172,262,684,,,300,,,,,,,,,,189.7647059,216.822,,,220,,,,,,,,,,,,,
1581,272,175,,,706.779,,,,,,257,,,,,169.8636364,,,,172.4,262.4,684.8,,,300,,,,,,,,,,190.1176471,217.1864,,,220,,,,,,,,,,,,,
1582,284,176.6666667,,,706.738,,,,,,254,,,,,168.8181818,,,,172.8,262.8,685.6,,,300,,,,,,,,,,190.4705882,217.5508,,,220,,,,,,,,,,,,,
1583,296,178.3333333,,,706.697,,,,,,251,,,,,167.7727273,,,,173.2,263.2,686.4,,,300,,,,,,,,,,190.8235294,217.9152,,,220,,,,,,,,,,,,,
1584,308,180,,,706.656,,168,,,,248,,,,,,,,,173.6,263.6,687.2,,,300,,,,,,,,,,191.1764706,218.2796,,,220,,,,,,,,,,,,,
1585,320,180,,,706.615,,170,,,,245,,,,,,,,,174,264,688,,,300,,,,,,,,,,191.5294118,218.644,,,220,,,,,,,,,,,,,
1586,332,180,,,706.574,,172,,,,242,,,,,,,,,174.4,264.4,688.8,,,300,,,,,,,,,,191.8823529,219.0084,,,220,,,,,,,,,,,,,
1587,344,180,,,706.533,,174,,,,239,,,,,,,,,174.8,264.8,689.6,,,300,,,,,,,,,,192.2352941,219.3728,,,220,,,,,,,,,,,,,
1588,356,180,,,706.492,,176,,,,236,,,,,,,,,175.2,265.2,690.4,,,300,,,,,,,,,,192.5882353,219.7372,,,220,,,,,,,,,,,,,
1589,368,180,,,706.451,,178,,,,233,,,,,,,,,,265.6,691.2,,,300,,,,,,,,,,192.9411765,220.1016,,186.75,220,,,,,,,,,,,,,
1590,380,180,,,706.41,,180,,,,230,,,,,,,,,,266,692,,,300,,,,,,,,,,193.2941176,220.466,,202.5,220,,,,,,,,,,,,,
1591,392,180,,,706.369,,182,,,,227,,,,,,,,,,266.4,692.8,,,300,,,,,,,,,,193.6470588,220.8304,,218.25,221.6666667,,,,,,,,,,,,,
1592,404,180,,,706.328,,184,,,,224,,,,,,,,,,266.8,693.6,,,300,,,,,,,,,,194,221.1948,,234,223.3333333,,,,,,,,,,,,,
1593,416,180,,,706.287,,186,,,,221,,,,,,,,,,267.2,694.4,,,300,,,,,,,,,,194,221.5592,,249.75,225,,,,,,,,,,,,,
1594,428,180,,,706.246,,188,,,,218,,,,,,,,,,267.6,695.2,,,300,,,,,,,,,,194,221.9236,,265.5,226.6666667,,,,,,,,,,,,,
1595,440,180,,,706.205,,190,,,,215,,,,,,,,,,268,696,,,300,,,,,,,,,,194,222.288,,281.25,228.3333333,,,,,,,,,,,,,
1596,452,180,,,706.164,,192,,,,212,,,,,,,,,,268.4,696.8,,,300,,,,,,,,,,194,222.6524,,297,230,,,,,,,,,,,,,
1597,464,182.5,,,706.123,,194,,,,209,,,,,,,,,,268.8,697.6,,,300,,,,,,,,,,194,223.0168,,312.75,233.75,,,,,,,,,,,,,
1598,476,185,,,706.082,,196,,,,206,,,,,,,,,,269.2,698.4,,,300,,,,,,,,,,194,223.3812,,328.5,237.5,,,,,,,,,,,,,
1599,488,187.5,,,706.041,,198,,,,203,,,,,,,,,,269.6,699.2,,,300,,,,,,,,,,194,223.7456,,344.25,241.25,,,,,,,,,,,,,
1600,500,190,,,706,,200,,,,200,,,,,,,,,,270,700,,,300,,,,,,,,,,194,224.11,,360,245,,,,,,,,,,,,,
1601,500,192,,,701.28,,202.5641026,,,,199.5,,,,,,,,,,270.2,700,,,304.5833333,,,,,,,,,,193.68,224.9278,,359.72,249.5135135,,,,,,,,,,,,,
1602,500,194,,,696.56,,205.1282051,,,,199,,,,,,,,,,270.4,700,,,309.1666667,,195.92,,,,,,,,,225.7456,,359.44,254.027027,,,,,,,,,,,,,
1603,500,196,,,691.84,,207.6923077,,,,198.5,,,,,,,,,,270.6,700,,,313.75,,200.38,,,,,,,,,226.5634,,359.16,258.5405405,,,,,,,,,,,,,
1604,500,198,,,687.12,,210.2564103,,,,198,,,,,,,,,,270.8,700,,,318.3333333,,204.84,,,,,,,,,227.3812,,358.88,263.0540541,,,,,,,,,,,,,
1605,500,200,,,682.4,,212.8205128,,,,197.5,,,,,,,,,,271,700,,,322.9166667,,209.3,,,,,,,,,228.199,,358.6,267.5675676,,,,,,,,,,,,,
1606,500,202,,,677.68,,215.3846154,,,,197,,,,,,,,,,271.2,700,,,327.5,,213.76,,,,,,,,,229.0168,,358.32,272.0810811,,,,,,,,,,,,,
1607,500,204,,,672.96,,217.9487179,,,,196.5,,,,,,,,,,271.4,700,,,332.0833333,,218.22,,,,,,,,,229.8346,,358.04,276.5945946,,,,,,,,,,,,,
1608,500,206,,,668.24,,220.5128205,,,,196,,,,,,,,,,271.6,700,,,336.6666667,,222.68,,,,,,,,,230.6524,,357.76,281.1081081,,,,,,,,,,,,,
1609,500,208,,,663.52,,223.0769231,,,,195.5,,,,,,,,,,271.8,700,,,341.25,,227.14,,,,,,,,,231.4702,,357.48,285.6216216,,,,,,,,,,,,,
1610,500,210,,,658.8,,225.6410256,,,,195,,,,,,,,,,272,700,,,345.8333333,,231.6,,,,,,,,,232.288,,357.2,290.1351351,,,,,,,,,,,,,
1611,496.4285714,212,,,654.08,,228.2051282,,,,194.5,,,,,,,,,,272.2,700,,,350.4166667,,236.06,,,,,,,,,233.1058,,356.92,294.6486486,,,,,,,,,,,,,
1612,492.8571429,214,,,649.36,,230.7692308,,,,,,,,,,196.4285714,,,,272.4,700,,,355,,240.52,,,,,,,,,233.9236,,356.64,299.1621622,,,,,,,,,,,,,
1613,489.2857143,216,,,644.64,,233.3333333,,,,,,,,,,204.4642857,,,,272.6,700,,,359.5833333,,244.98,,,,,,,,,234.7414,,356.36,303.6756757,,,,,,,,,,,,,
1614,485.7142857,218,,,639.92,,235.8974359,,,,,,,,,,212.5,,,,272.8,700,,,364.1666667,,249.44,,,,,,,,,235.5592,,356.08,308.1891892,,,,,,,,,,,,,
1615,482.1428571,220,,,635.2,,238.4615385,,,,,,,,,,220.5357143,,,,273,700,,,368.75,,253.9,,,,,,,,,236.377,,355.8,312.7027027,,,,,,,,,,,,,
1616,478.5714286,222,,,630.48,,241.025641,,,,,,,,,,228.5714286,,,,273.2,700,,,373.3333333,,258.36,,,,,,,,,237.1948,,355.52,317.2162162,,,,,,,,,,,,,
1617,475,224,,,625.76,,243.5897436,,,,,,,,,,236.6071429,,,,273.4,700,,,377.9166667,,262.82,,,,,,,,,238.0126,,355.24,321.7297297,,,,,,,,,,,,,
1618,471.4285714,,,,621.04,,246.1538462,,,,,,,,,,244.6428571,,,,273.6,700,,,382.5,,267.28,,,,,,,,,238.8304,,354.96,326.2432432,,,,,,,,,,226.8292683,,,
1619,467.8571429,,,,616.32,,248.7179487,,,,,,,,,,252.6785714,,,,273.8,700,,,387.0833333,,271.74,,,,,,,,,239.6482,,354.68,330.7567568,,,,,,,,,,235.3658537,,,
1620,464.2857143,,,,611.6,,251.2820513,,,,,,,,,,260.7142857,,,,274,700,,,391.6666667,,276.2,,,,,,,,,240.466,,354.4,335.2702703,,,,,,,,,,243.902439,,,
1621,460.7142857,,,,606.88,,253.8461538,,,,,,,,,,268.75,,,,274.2,700,,,396.25,,280.66,,,,,,,,,241.2838,,354.12,339.7837838,,,,,,,,,,252.4390244,,,
1622,457.1428571,,,,602.16,,256.4102564,,,,,,,,,,276.7857143,,,,274.4,700,,,400.8333333,,285.12,,,,,,,,,242.1016,,353.84,344.2972973,,,,,,,,,,260.9756098,,,
1623,453.5714286,,,,597.44,,258.974359,,,,,,,,,,284.8214286,,,,274.6,700,,,405.4166667,,289.58,,,,,,,,,242.9194,,353.56,348.8108108,,,,,,,,,,269.5121951,,,
1624,450,,,,592.72,,261.5384615,,,,,,,,,,292.8571429,,,,274.8,700,,,410,,294.04,,,,,,,,,243.7372,,353.28,353.3243243,,,,,,,,,,278.0487805,,,
1625,446.4285714,,,,588,,264.1025641,,,,,,,,,,300.8928571,,,,275,700,,,410.01225,,298.5,,,,,,,,,244.555,,353,357.8378378,,,,,,,,,,286.5853659,,,
1626,442.8571429,,,,583.28,,266.6666667,,,,,,,,,,308.9285714,,,,275.24,700,,,410.0245,,302.96,,,,,,,,,245.3728,,352.72,362.3513514,,,,,,,,,,295.1219512,,,
1627,439.2857143,,,,578.56,,269.2307692,,,,,,,,,,316.9642857,,,,275.48,700,,,410.03675,,307.42,,,,,,,,,246.1906,,352.44,366.8648649,,,,,,,,,,303.6585366,,,
1628,435.7142857,,,,573.84,,271.7948718,,,,,,,,,,325,,,,275.72,700,,,410.049,,311.88,,,,,,,,,247.0084,,352.16,371.3783784,,,,,,,,,,312.195122,,,
1629,432.1428571,248,,,569.12,,274.3589744,,,,,,,,,,326.1363636,,,,275.96,700,,,410.06125,,316.34,,,,,,,,,,,351.88,375.8918919,,,,,,,,,,320.7317073,,,
1630,428.5714286,250,,,564.4,,276.9230769,,,,,,,,,,327.2727273,,,,276.2,700,,,410.0735,,320.8,,,,,,,,,,,351.6,380.4054054,,,,,,,,,,329.2682927,,,
1631,425,252,,,559.68,,279.4871795,,,,,,,,,,328.4090909,,,,276.44,700,,,410.08575,,325.26,,,,,,,,,,,351.32,384.9189189,,,,,,,,,,337.804878,,,
1632,421.4285714,254,,,554.96,,282.0512821,,,,,,,,,,329.5454545,,,,276.68,700,,,410.098,,329.72,,,,,,,,,,,351.04,389.4324324,,,,,,,,,,346.3414634,,,
1633,417.8571429,256,,,550.24,,284.6153846,,,,,,,,,,330.6818182,,,,276.92,700,,,409.174375,,334.18,,,,,,,,,,,350.76,393.9459459,,,,,,,,,,354.8780488,,,
1634,414.2857143,258,,,545.52,,287.1794872,,,,,,,,,,331.8181818,,,,277.16,700,,,408.25075,,338.64,,,,,,,,,,,350.48,398.4594595,,,,,,,,,,363.4146341,,,
1635,410.7142857,260,,,540.8,,289.7435897,,,,,,,,,,332.9545455,,,,277.4,700,,,407.327125,,343.1,,,,,,,,,,,350.2,402.972973,,,,,,,,,,371.9512195,,,
1636,407.1428571,262,,,536.08,,292.3076923,,,,,,,,,,334.0909091,,,,277.64,700,,,406.4035,,347.56,,,,,,,,,,,349.92,407.4864865,,,,,,,,,,380.4878049,,,
1637,403.5714286,264,,,531.36,,294.8717949,,,,,,,,,,335.2272727,,,,277.88,700,,,405.479875,,352.02,,,,,,,,,,,349.64,412,,,,,,,,,,389.0243902,,,
1638,400,266,,,526.64,,297.4358974,,,,,,,,,,336.3636364,,,,278.12,700,,,404.55625,,356.48,,,,,,,,,,,349.36,415.3076923,,,,,,,,,,397.5609756,,,
1639,376.6666667,266.75,,,521.92,,300,,,,,,,,,,337.5,,,,278.36,700,,,403.632625,,360.94,,,,,,,,,,,349.08,418.6153846,,,,,,,,,,406.097561,,,
1640,353.3333333,267.5,,,517.2,,304.4444444,,,,,,,,,,338.6363636,,,,278.6,700,,,402.709,,365.4,,,,,,,,,,,348.8,421.9230769,,,,,,,,,,414.6341463,,,
1641,330,268.25,,,512.48,,308.8888889,,,,,,,,,,339.7727273,,,,278.84,700,,,401.785375,,369.86,,,,,,,,,,,348.52,425.2307692,,,,,,,,,,423.1707317,,,
1642,306.6666667,269,,,507.76,,313.3333333,,,,,,,,,,340.9090909,,,,279.08,700,,,400.86175,,374.32,,,,,,,,,,,348.24,428.5384615,,,,,,,,,,431.7073171,,,
1643,283.3333333,269.75,,,503.04,,317.7777778,,,,,,,,,,342.0454545,,,,279.32,700,,,399.938125,,378.78,,,,,,,,,,,347.96,431.8461538,,,,,,,,,,440.2439024,,,
1644,,270.5,,,498.32,,322.2222222,,,,,,,,,,343.1818182,,,,279.56,700,,,399.0145,,383.24,,,,,,,,,260.0932,,347.68,435.1538462,,,,,,,,,,448.7804878,,,
1645,,271.25,,,493.6,,326.6666667,,,,,,,,,,344.3181818,,,,279.8,700,,,398.090875,,387.7,,,,,,,,,260.911,,347.4,438.4615385,,,,,,,,,,457.3170732,,,
1646,,272,,,488.88,,331.1111111,,,,,,,,,,345.4545455,,,,280.04,700,,,397.16725,,392.16,,,,,,,,,261.7288,,347.12,441.7692308,,,,,,,,,,465.8536585,,,
1647,,272.75,,,484.16,,335.5555556,,,,,,,,,,346.5909091,,,,280.28,700,,,396.243625,,396.62,,,,,,,,,262.5466,,346.84,445.0769231,,,,,,,,,,474.3902439,,,
1648,,273.5,,,479.44,,340,,,,,,,,,,347.7272727,,,,280.52,700,,,395.32,,401.08,,,,,,,,,263.3644,,346.56,448.3846154,,,,,,,,,,482.9268293,,,
1649,,274.25,,,474.72,,340,,,,,,,,,,348.8636364,,,,280.76,700,,,394.396375,,405.54,,,,,,,,,264.1822,,346.28,451.6923077,,,,,,,,,,491.4634146,,,
1650,,275,,,470,,340,,,,,,,,,,350,,,,281,700,,,393.47275,,410,,,,,,,,,265,,346,455,,,,,,,,,,500,,,
1651,,277.2,,,473.6,,338.3712871,,,,,,,,,,350.4347826,,,,281.1215714,701.25,,,392.549125,,412.925,,,,,,,,,262.9410263,,345.4752,458.4,,,,,,,,,,503.76,,,
1652,,279.4,,,477.2,,336.7425743,,,,,,,,,,350.8695652,,,,281.2431429,702.5,,,391.6255,,415.85,,,,,,,,,260.8820526,,344.9504,461.8,,,,,,,,,,507.52,,,
1653,,281.6,,,480.8,,335.1138614,,,,,,,,,,351.3043478,,,,281.3647143,703.75,,,390.701875,,418.775,,,,,,,,,258.8230789,,344.4256,465.2,,,,,,,,,,511.28,,,
1654,,283.8,,,484.4,,333.4851485,,,,,,,,,,351.7391304,,,,281.4862857,705,,,389.77825,,421.7,,,,,,,,,256.7641053,,343.9008,468.6,,,,,,,,,,515.04,,,
1655,,286,,,488,,331.8564356,,,,,,,,,,352.173913,,,,281.6078571,706.25,,,388.854625,,424.625,,,,,,,,,254.7051316,,343.376,472,,,,,,,,,,518.8,,,
1656,,288.2,,,491.6,,330.2277228,,,,,,,,,,352.6086957,,,,281.7294286,707.5,,,387.931,,427.55,,,,,,,,,252.6461579,,342.8512,475.4,,,,,,,,,,522.56,,,
1657,,290.4,,,495.2,,328.5990099,,,,,,,,,,353.0434783,,,,281.851,708.75,,,387.007375,,430.475,,,,,,,,,250.5871842,,342.3264,478.8,,,,,,,,,,526.32,,,
1658,,292.6,,,498.8,,326.970297,,,,,,,,,,353.4782609,,,,282.291375,710,,,386.08375,,433.4,,,,,,,,,248.5282105,,341.8016,482.2,,,,,,,,,,530.08,,,
1659,,294.8,,,502.4,,325.3415842,,,,,,,,,,353.9130435,,,,282.73175,711.25,,,385.160125,,436.325,,,,,,,,,246.4692368,,341.2768,485.6,,,,,,,,,,533.84,,,
1660,,297,,,506,,323.7128713,,,,,,,,,,354.3478261,,,,283.172125,712.5,,,384.2365,,439.25,,,,,,,,,244.4102632,,340.752,489,,,,,,,,,,537.6,,,
1661,,299.2,,,509.6,,322.0841584,,,,,,,,,,354.7826087,,,,283.6125,713.75,,,383.312875,,442.175,,,,,,,,,242.3512895,,340.2272,492.4,,,,,,,,,,541.36,,,
1662,,301.4,,,513.2,,320.4554455,,,,,,,,,,355.2173913,,,,284.052875,715,,,382.38925,,445.1,,,,,,,,,240.2923158,,339.7024,495.8,,,,,,,,,,545.12,,,
1663,,303.6,,,516.8,,318.8267327,,,,,,,,,,355.6521739,,,,284.49325,716.25,,,381.465625,,448.025,,,,,,,,,238.2333421,,339.1776,499.2,,,,,,,,,,548.88,,,
1664,,305.8,,,520.4,,317.1980198,,,,,,,,,,356.0869565,,,,284.933625,717.5,,,380.542,,450.95,,,,,,,,,236.1743684,,338.6528,502.6,,,,,,,,,,552.64,,,
1665,,308,,,524,,315.5693069,,,,,,,,,,356.5217391,,,,285.374,718.75,,,379.618375,,453.875,,,,,,,,,234.1153947,,338.128,506,,,,,,,,,,556.4,,,
1666,,310.2,,,527.6,,313.9405941,,,,,,,,,,356.9565217,,,,285.814375,720,,,378.69475,,456.8,,,,,,,,,232.0564211,,339.3243429,509.4,,,,,,,,,,560.16,,,
1667,,312.4,,,531.2,,312.3118812,,,,,,,,,,357.3913043,,,,286.25475,721.25,,,377.771125,,459.725,,,,,,,,,229.9974474,,340.5206857,512.8,,,,,,,,,,563.92,,,
1668,,314.6,,,534.8,,310.6831683,,,,,,,,,,357.826087,,,,286.695125,722.5,,,376.8475,,462.65,,,,,,,,,227.9384737,,341.7170286,516.2,,,,,,,,,,567.68,,,
1669,,316.8,,,538.4,,309.0544554,,,,,,,,,,358.2608696,,,,287.1355,723.75,,,375.923875,,465.575,,,,,,,,,225.8795,,342.9133714,519.6,,,,,,,,,,571.44,,,
1670,,319,,,542,,307.4257426,,,,,,,,,,358.6956522,,,,287.575875,725,,,375.00025,,468.5,,,,,,,,,223.8205263,,344.1097143,523,,,,,,,,,,575.2,,,
1671,,321.2,,,545.6,,305.7970297,,,,,,,,,,359.1304348,,,,288.01625,726.25,,,374.076625,,471.425,,,,,,,,,221.7615526,,345.3060571,526.4,,,,,,,,,,578.96,,,
1672,,323.4,,,549.2,,304.1683168,,,,,,,,,,359.5652174,,,,288.456625,727.5,,,373.153,,474.35,,,,,,,,,219.7025789,,346.5024,529.8,,,,,,,,,,582.72,,,
1673,,325.6,,,552.8,,302.539604,,,,,,,,,,360,,,,288.897,728.75,,,372.229375,,477.275,,,,,,,,,217.6436053,,347.6987429,533.2,,,,,,,,,,586.48,,,
1674,,327.8,,,556.4,,300.9108911,,,,,,,,,,359.6296296,,,,289.337375,730,,,371.30575,,480.2,,,,,,,,,215.5846316,,348.8950857,536.6,,,,,,,,,,590.24,,,
1675,,330,,,560,,299.2821782,,,,,,,,,,359.2592593,,,,289.77775,731.25,,,370.382125,,483.125,,,,,,,,,213.5256579,,350.0914286,540,,,,,,,,,,594,,,
1676,,332.2,,,563.6,,297.6534653,,,,,,,,,,358.8888889,,,,290.218125,732.5,,,369.4585,,486.05,,,,,,,,,211.4666842,,351.2877714,542.375,,,,,,,,,,597.76,,,
1677,,334.4,,,567.2,,296.0247525,,,,,,,,,,358.5185185,,,,290.6585,733.75,,,368.534875,,488.975,,,,,,,,,209.4077105,,352.4841143,544.75,,,,,,,,,,601.52,,,
1678,,336.6,,,570.8,,294.3960396,,,,,,,,,,358.1481481,,,,291.098875,735,,,367.61125,,491.9,,,,,,,,,207.3487368,,353.6804571,547.125,,,,,,,,,,605.28,,,
1679,,338.8,,,574.4,,292.7673267,,,,,,,,,,357.7777778,,,,291.53925,736.25,,,366.687625,,494.825,,,,,,,,,205.2897632,,354.8768,549.5,,,,,,,,,,609.04,,,
1680,,341,,,578,,291.1386139,,,,,,,,,,357.4074074,,,,291.979625,737.5,,,365.764,,497.75,,,,,,,,,203.2307895,,356.0731429,551.875,,,,,,,,,,612.8,,,
1681,,343.2,,,581.6,,289.509901,,,,,,,,,,357.037037,,,,292.42,738.75,,,364.840375,,500.675,,,,,,,,,201.1718158,,357.2694857,554.25,,,,,,,,,,616.56,,,
1682,,345.4,,,585.2,,287.8811881,,,,,,,,,,356.6666667,,,,292.9768421,740,,,363.91675,,503.6,,,,,,,,,199.1128421,,358.4658286,556.625,,,,,,,,,,620.32,,,
1683,,347.6,,,588.8,,286.2524752,,,,,,,,,,356.2962963,,,,293.5336842,741.25,,,362.993125,,506.525,,,,,,,,,197.0538684,,359.6621714,559,,,,,,,,,,624.08,,,
1684,,349.8,203.6666667,,592.4,,284.6237624,,,,,,,,,,355.9259259,,,,294.0905263,742.5,,,362.0695,,509.45,,,,,,,,,,,360.8585143,557.2941176,,,,,,,,,,627.84,,,
1685,,352,212,,596,,282.9950495,,,,,,,,,,355.5555556,,,,294.6473684,743.75,,,361.145875,,512.375,,,,,,,,,,,362.0548571,555.5882353,,,,,,,,,,631.6,,,
1686,,354.2,211.8666667,,599.6,,281.3663366,,,,,,,,,,355.1851852,,,,295.2042105,745,,,360.22225,,515.3,,,,,,,,,,,363.2512,553.8823529,,,,,,,,,,635.36,,,
1687,,356.4,211.7333333,,603.2,,279.7376238,,,,,,,,,,354.8148148,,,,295.7610526,746.25,,,359.298625,,518.225,,,,,,,,,,,364.4475429,552.1764706,,,,,,,,,,639.12,,,
1688,,358.6,211.6,,606.8,,278.1089109,,,,,,,,,,354.4444444,,,,296.3178947,747.5,,,358.375,,521.15,,,,,,,,,,,365.6438857,550.4705882,,,,,,,,,,642.88,,,
1689,,360.8,211.4666667,,610.4,,276.480198,,,,,,,,,,354.0740741,,,,296.8747368,748.75,,,357.451375,,524.075,,,,,,,,,,,366.8402286,548.7647059,,,,,,,,,,646.64,,,
1690,,363,211.3333333,,614,,274.8514851,,,,,,,,,,353.7037037,,,,297.4315789,750,,,356.52775,,527,,,,,,,,,,,368.0365714,547.0588235,,,,,,,,,,650.4,,,
1691,,365.2,211.2,,617.6,,273.2227723,,,,,,,,,,353.3333333,,,,297.9884211,745,,,355.604125,,529.3,,,,,,,,,,,369.2329143,545.3529412,,,,,,,,,,654.16,,,
1692,,367.4,211.0666667,,621.2,,271.5940594,,,,,,,,,,352.962963,,,,298.5452632,740,,,354.6805,,531.6,,,,,,,,,,,370.4292571,543.6470588,,,,,,,,,,657.92,,,
1693,,369.6,210.9333333,,624.8,,269.9653465,,,,,,,,,,352.5925926,,,,299.1021053,735,,,353.756875,,533.9,,,,,,,,,,,371.6256,541.9411765,,,,,,,,,,661.68,,,
1694,,371.8,210.8,,628.4,,268.3366337,,,,,,,,,,352.2222222,,,,299.6589474,730,,,352.83325,,536.2,,,,,,,,,,,372.8219429,540.2352941,,,,,,,,,,665.44,,,
1695,,374,210.6666667,,632,,266.7079208,,,,,,,,,,351.8518519,,,,300.2157895,725,,,351.909625,,538.5,,,,,,,,,,,374.0182857,538.5294118,,,,,,,,,,669.2,,,
1696,,376.2,,,635.6,,265.0792079,,,,,,,,,,351.4814815,,,,300.7726316,720,,,350.986,,540.8,,,,210.8148148,,,,,,,375.2146286,536.8235294,,,,,,,,,,672.96,,,
1697,,378.4,,,639.2,,263.450495,,,,,,,,,,351.1111111,,,,301.3294737,715,,,350.7395,,543.1,,,,212.8888889,,,,,,,376.4109714,535.1176471,,,,,,,,,,676.72,,,
1698,,380.6,,,642.8,,261.8217822,,,,,,,,,,350.7407407,,,,301.8863158,710,,,350.493,,545.4,,,,214.962963,,,,,,,377.6073143,533.4117647,,,,,,,,,,680.48,,,
1699,,382.8,,,646.4,,260.1930693,,,,,,,,,,350.3703704,,,,302.4431579,705,,,350.2465,,547.7,,,,217.037037,,,,,,,378.8036571,531.7058824,,,,,,,,,,684.24,,,
1700,,385,,,650,,258.5643564,,,,,,,,,,350,,,,303,700,,,350,,550,,,,219.1111111,,,,,,,380,530,,,,,,,,,,688,,,
1701,,379.32,,,655,,256.9356436,,,,,,,,,,343.0681818,,,,303.6225806,698.5,,,350.0229375,,552.52,,,,221.1851852,,,,,,,380.66,528.5457143,,,,,,,,,,689,,,
1702,,373.64,,,660,,255.3069307,,,,,,,,,,336.1363636,,,,304.2451613,697,,,350.045875,,555.04,,,,223.2592593,,,,,,,381.32,527.0914286,,,,,,,,,,689.55,,,
1703,,367.96,,,665,,253.6782178,,,,,,,,,,329.2045455,,,,304.8677419,695.5,,,350.0688125,,557.56,,,,225.3333333,,,,,,,381.98,525.6371429,,,,,,,,,,690.1,,,
1704,,362.28,,,670,,252.049505,,,,,,,,,,322.2727273,,,,305.4903226,694,,,350.09175,,560.08,,,,227.4074074,,,,,,,382.64,524.1828571,,,,,,,,,,690.65,,,
1705,,356.6,,,675,,250.4207921,,,,,,,,,,315.3409091,,,,306.1129032,692.5,,,350.1146875,,562.6,,,,229.4814815,,,,,,,383.3,522.7285714,,,,,,,,,,691.2,,,
1706,,350.92,,,680,,248.7920792,,,,,,,,,,308.4090909,,,,306.7354839,691,,,350.137625,,565.12,,,,231.5555556,,,,,,,383.96,521.2742857,,,,,,,,,,691.75,,,
1707,,345.24,,,685,,247.1633663,,,,,,,,,,301.4772727,,,,307.3580645,689.5,,,350.1605625,,567.64,,,,233.6296296,,,,,,,384.62,519.82,,,,,,,,,,692.3,,,
1708,,339.56,,,690,,245.5346535,,,,,,,,,,294.5454545,,,,307.9806452,688,,,350.1835,,570.16,,,,235.7037037,,,,,,,385.28,518.3657143,,,,,,,,,,692.85,,,
1709,,333.88,,,695,,243.9059406,,,,,,,,,,287.6136364,,,,308.6032258,686.5,,,350.2064375,,572.68,,,,237.7777778,,,,,,,385.94,516.9114286,,,,,,,,,,693.4,,,
1710,,328.2,,,700,,242.2772277,,,,,,,,,,280.6818182,,,240,309.2258065,685,,,350.229375,,575.2,,,,241.9259259,,,,,,,386.6,515.4571429,,,,,,,,,,693.95,,,
1711,,322.52,,,705,,,,,,,,,,,,273.75,,,244,309.8483871,683.5,,,350.2523125,,577.72,,,,244,,,,,,,387.26,514.0028571,,,,,,,,,,694.5,,,
1712,,316.84,,,710,,,,,,,,,,,,266.8181818,,,248,310.4709677,682,,,350.27525,,580.24,,,,246.0740741,,,,,,,387.92,512.5485714,,,,,,,,,,695.05,,,
1713,,311.16,,,715,,,,,,,,,,,,259.8863636,,,252,311.0935484,680.5,,,350.2981875,,582.76,,,,248.1481481,,,,,,,388.58,511.0942857,,,,,,,,,,695.6,,,
1714,,305.48,,,720,,,,,,,,,,,,252.9545455,,,256,311.716129,679,,,350.321125,,585.28,,,,250.2222222,,,,,,,389.24,509.64,,,,,,,,,,696.15,,,
1715,,299.8,,,725,,,,,,,,,,,,246.0227273,,,260,312.3387097,677.5,,,350.3440625,,587.8,,,,252.2962963,,,,,,,389.9,510.9152941,,,,,,,,,,696.7,,,
1716,,294.12,,,730,,,,,,,,,,,,,,,264,312.9612903,676,,,350.367,,590.32,,,,254.3703704,,,,,241.8625429,,390.56,512.1905882,,,,,,,,,,697.25,,,
1717,,288.44,,,735,,,,,,,,,,,,,,,268,313.583871,674.5,,,350.7091471,,592.84,,,,256.4444444,,,,,244.2917143,,391.22,513.4658824,,,,,,,,,,697.8,,,
1718,,282.76,,,740,,,,,,,,,,,,,,,272,314.2064516,673,,,351.0512941,,595.36,,,,258.5185185,,,,,246.7208857,,391.88,514.7411765,,,,,,,,,,698.35,,,
1719,,277.08,,,745,,,,,,,,,,,,,,,276,314.8290323,671.5,,,351.3934412,,597.88,,,,260.5925926,,,,,249.1500571,,392.54,516.0164706,,,,,,,,,,698.9,,,
1720,,271.4,,,750,,,,,,,,,,,,,,,280,315.4516129,670,,,351.7355882,,600.4,,,,262.6666667,,,,,251.5792286,,393.2,517.2917647,,,,,,,,,,699.45,,,
1721,,265.72,,,755,,,,,,,,,,,,,,,284,316.0741935,668.5,,,352.0777353,,602.92,,,,264.7407407,,,,,254.0084,,393.86,518.5670588,,,,,,,,,,700,,,
1722,,260.04,,,760,,,,,,,,,,,,,,,288,316.6967742,667,,,352.4198824,,605.44,,,,266.8148148,,,,,256.4375714,,394.52,519.8423529,,,,,,,,,,699.7931034,,,
1723,,254.36,,,765,,,,,,,,,,,,,,,292,317.3193548,665.5,,,352.7620294,,607.96,,,,268.8888889,,,,,258.8667429,,395.18,521.1176471,,,,,,,,,,699.5862069,,,
1724,,248.68,,,770,,,,,,,,,,,,,,,296,317.9419355,664,,,353.1041765,,610.48,,,,270.962963,,,,,261.2959143,,395.84,522.3929412,,,,,,,,,,699.3793103,,,
1725,,243,,,775,,,,,,,,,,,,,,,300,318.5645161,662.5,,,353.4463235,,613,,,,273.037037,,,,,263.7250857,,396.5,523.6682353,,,,,,,,,,699.1724138,,,
1726,,237.32,,,780,,,,,,,,,,,,,,,304,319.1870968,661,,,353.7884706,,615.52,,,,275.1111111,,,,,266.1542571,,397.16,524.9435294,,,,,,,,,,698.9655172,,,
1727,,231.64,,,785,,,,,,,,,,,,,,,308,319.8096774,659.5,,,354.1306176,,618.04,,,,277.1851852,,,,,268.5834286,,397.82,526.2188235,,,,,,,,,,698.7586207,,,
1728,,225.96,,,790,,,,,,,,,,,,,,,312,320.4322581,658,,,354.4727647,,620.56,,,,279.2592593,,,,,271.0126,,398.48,527.4941176,,,,,,,,,,698.5517241,,,
1729,,220.28,,,795,,,,,,,,,,,,,,,316,321.0548387,656.5,,,354.8149118,,623.08,,,,281.3333333,,,,,273.4417714,,399.14,528.7694118,,,,,,,,,,698.3448276,,,
1730,,,215.4,,800,,,,,,,,,,,,,,,320,321.6774194,655,,,355.1570588,,625.6,,,,283.4074074,,,,,275.8709429,,399.8,530.0447059,,,,,,,,,,698.137931,,,
1731,,,215.58,,805,,,,,,,,,,,,,,,324,322.3,653.5,,,355.4992059,,628.12,,,,285.4814815,,,,,278.3001143,,400.46,531.32,,,,,,,,,,697.9310345,,,
1732,,,215.76,,810,,,,,,,,,,,,,,,328,323.2315789,652,,,355.8413529,,630.64,,,,287.5555556,,,,,280.7292857,,401.12,532.5952941,,,,,,,,,,697.7241379,,,
1733,,,215.94,,815,,,,,,,,,,,,,,,332,324.1631579,650.5,,,356.1835,,633.16,,,,289.6296296,,,,,283.1584571,,401.78,533.8705882,,,,,,,,,,697.5172414,,,
1734,,,216.12,,820,,,,,,,,,,,,,,,336,325.0947368,649,,,356.5256471,,635.68,,,,291.7037037,,,,,285.5876286,,402.44,535.1458824,,,,,,,,,,697.3103448,,,
1735,,,216.3,,825,,,,,,,,,,,,,,,340,326.0263158,647.5,,,356.8677941,,638.2,,,,293.7777778,,,,,288.0168,,403.1,536.4211765,,,,,,,,,,697.1034483,,,
1736,,,216.48,,830,,,,,,,,,,,,,,,344,326.9578947,646,,,357.2099412,,640.72,,,,295.8518519,,,,,290.4459714,,403.76,537.6964706,,,,,,,,,,696.8965517,,,
1737,,,216.66,,835,,,,,,,,,,,,,,,348,327.8894737,644.5,,,357.5520882,,643.24,,,,297.9259259,,,,,292.8751429,,404.42,538.9717647,,,,,,,,,,696.6896552,,,
1738,,,216.84,,840,,,,,,,,,,,,,,,352,328.8210526,643,,,357.8942353,,645.76,,,,300,,,,,295.3043143,,405.08,540.2470588,,,,,,,,,,696.4827586,,,
1739,,,217.02,,845,,,,,,,,,,,,,,,356,329.7526316,641.5,,,358.2363824,,648.28,,,,293.75,,,,,297.7334857,,405.74,541.5223529,,,,,,,,,,696.2758621,,,
1740,,,217.2,,850,,,,,,,,,,,,,,,360,330.6842105,640,,,358.5785294,,650.8,,,,287.5,,,,,300.1626571,,406.4,542.7976471,,,,,,,,,,696.0689655,,,
1741,,,217.38,,855,,,,,,,,,,,,,,,364,331.6157895,638.5,,,358.9206765,,653.32,,,,281.25,,,,,302.5918286,,407.06,544.0729412,,,,,,,,,,695.862069,,,
1742,,,217.56,,860,,,,,,,,,,,,,,,368,332.5473684,637,,,359.2628235,,655.84,,,,275,,,,,305.021,,407.72,545.3482353,,,,,,,,,,695.6551724,,,
1743,,,217.74,,865,,,,,,,,,,,,,,,372,333.4789474,635.5,,,359.6049706,,658.36,,,,268.75,,,,,305.643375,,408.38,546.6235294,,,,,,,,,,695.4482759,,,
1744,,,217.92,,870,,,,,,,,,,,,,,,376,334.4105263,634,,,359.9471176,,660.88,,,,262.5,,,,,306.26575,,409.04,547.8988235,,,,,,,,,,695.2413793,,,
1745,,,218.1,,875,,,,,,,,,,,,,,,380,335.3421053,632.5,,,360.2892647,,663.4,,,,256.25,,,,,306.888125,,409.7,549.1741176,,,,,,,,,,695.0344828,,,
1746,,,218.28,,880,,,,,,,,,,,,,,,384,336.2736842,631,,,360.6314118,,665.92,,,,250,,,,,307.5105,,410.36,550.4494118,,,,,,,,,,694.8275862,,,
1747,,,218.46,,885,,,,,,,,,,,,,,,388,337.2052632,629.5,,,360.9735588,,668.44,,,,233.3333333,,,,,308.132875,,411.02,551.7247059,,,,,,,,,,694.6206897,,,
1748,,,218.64,,890,,,,,,,,,,,,,,,392,338.1368421,628,,,361.3157059,,670.96,,,,216.6666667,,,,,308.75525,,411.68,553,,,,,,,,,,694.4137931,,,
1749,,,218.82,,895,,,,,,,,,,,,,,,396,339.0684211,626.5,,,361.6578529,,673.48,,,,,,,,,309.377625,,412.34,554.5,,,,,,,,,,694.2068966,,,
1750,,,219,,900,,,,,,,,,,,,,,,400,340,625,,,362,213,676,,,,,,,,,310,,413,556,,,,,,,,,,694,,,
1751,,,218.9560889,,904,,,,,,,,,,,,,,,408,340.94,623.5227273,,,362.359875,212.375,679.7,,,,,,,,,310.799125,,412.4,559.4383333,,,,,,,,,,693.8125,,,
1752,,,218.9121778,,908,,,,,,,,,,,,,,,416,341.88,622.0454545,,,362.71975,211.75,683.4,,,,,,,,,311.59825,,411.8,562.8766667,,,,,,,,,,693.625,,,
1753,,,218.8682667,,912,,,,,,,,,,,,,,,424,342.82,620.5681818,,,363.079625,211.125,687.1,,,,,,,,,312.397375,,411.2,566.315,,,,,,,,,,693.4375,,,
1754,,,218.8243556,,916,,,,,,,,,,,,,,,432,343.76,619.0909091,,,363.4395,210.5,690.8,,,,,,,,,313.1965,,410.6,569.7533333,,,,,,,,,,693.25,,,
1755,,,218.7804444,,920,,,,,,,,,,,,,,,440,344.7,617.6136364,,,363.799375,209.875,694.5,,,,,,,,,313.995625,,410,573.1916667,,,,,,,,,,693.0625,,,
1756,,,218.7365333,,924,,,,,,,,,,,,,,,448,345.64,616.1363636,,,364.15925,209.25,698.2,,,,,,,,,314.79475,,409.4,576.63,,,,,,,,,,692.875,,,
1757,,,218.6926222,,928,,,,,,,,,,,,,,,456,346.58,614.6590909,,,364.519125,208.625,701.9,,,,,,,,,315.593875,,408.8,577.8915789,,,,,,,,,,692.6875,,,
1758,,,218.6487111,,932,,,,,,,,,,,,,,,464,347.52,613.1818182,,,364.879,208,705.6,,,,,,,,,316.393,,408.2,579.1531579,,,,,,,,,,692.5,,,
1759,,,218.6048,,936,,,,,,,,,,,,,,,472,348.46,611.7045455,,,365.238875,208.6904762,709.3,,,,,,,,,317.192125,,407.6,580.4147368,,,,,,,,,,692.3125,,,
1760,,,218.5608889,,940,,,,,,,,,,,,,,,480,349.4,610.2272727,,,365.59875,209.3809524,713,,,,,,,,,317.99125,,407,581.6763158,,,,,,,,,,692.125,,,
1761,,,218.5169778,,944,,,,,,,,,,,,,,,488,350.34,608.75,,,365.958625,210.0714286,716.7,,,,,,,,,318.790375,,406.4,582.9378947,,,,,,,,,,691.9375,,,
1762,,,218.4730667,,948,,,,,,,,,,,,,,,496,351.28,607.2727273,,,366.3185,210.7619048,720.4,,,,,,,,,319.5895,,405.8,584.1994737,,,,,,,,,,691.75,,,
1763,,,218.4291556,,952,,,,,,,,,,,,,,,504,352.22,605.7954545,,,366.678375,211.452381,724.1,,,,,,,,,320.388625,,405.2,585.4610526,,,,,,,,,,691.5625,,,
1764,,,218.3852444,,956,,,,,,,,,,,,,,,512,353.16,604.3181818,,,367.03825,212.1428571,727.8,,,,,,,,,321.18775,,404.6,586.7226316,,,,,,,,,,691.375,,,
1765,,,218.3413333,,960,,,,,,,,,,,,,,,520,354.1,602.8409091,,,367.398125,212.8333333,731.5,,,,,,,,,321.986875,,404,587.9842105,,,,,,,,,,691.1875,,,
1766,,,218.2974222,,964,,,,,,,,,,,,,,,528,355.04,601.3636364,,,367.758,213.5238095,735.2,,,,,,,,,322.786,,403.4,589.2457895,,,,,,,,,,691,,,
1767,,,218.2535111,,968,,,,,,,,,,,,,,,536,355.98,599.8863636,,,368.117875,214.2142857,738.9,,,,,,,,,326.5025806,,402.8,590.5073684,,,,,,,,,,690.8125,,,
1768,,,218.2096,,972,,,,,,,,,,,,,,,544,356.92,598.4090909,,,368.47775,214.9047619,742.6,,,,,,,,,330.2191613,,402.2,591.7689474,,,,,,,,,,690.625,,,
1769,,,218.1656889,,976,,,,,,,,,,,,,,,552,357.86,596.9318182,,,368.837625,215.5952381,746.3,,,,,,,,,333.9357419,,401.6,593.0305263,,,,,,,,,,690.4375,,,
1770,,,218.1217778,,980,,,,,,,,,,,,,,,560,358.8,595.4545455,,,369.1975,216.2857143,750,,,,,,,,,337.6523226,,401,594.2921053,,,,,,,,,,690.25,,,
1771,,,218.0778667,,984,,,,,,,,,,,,,,,568,359.74,593.9772727,,,369.557375,216.9761905,753.7,,,,,,,,,341.3689032,,400.4,595.5536842,,,,,,,,,,690.0625,,,
1772,,,218.0339556,,988,,,,,,,,,,,,,,,576,360.68,592.5,,,369.91725,217.6666667,757.4,,,,,,,,,345.0854839,,399.8,596.8152632,,,,,,,,,,689.875,,,
1773,,,217.9900444,,992,,,,,,,,,,,,,,,584,361.62,591.0227273,,,370.277125,218.3571429,761.1,,,,,,,,,348.8020645,,399.2,598.0768421,,,,,,,,,,689.6875,,,
1774,,,217.9461333,,996,,,,,,,,,,,,,,,592,362.56,589.5454545,,,370.637,219.047619,764.8,,,,,,,,,352.5186452,,398.6,599.3384211,,,,,,,,,,689.5,,,
1775,,,217.9022222,,1000,,,,,,,,,,,,,,,600,363.5,588.0681818,,,370.996875,219.7380952,768.5,,,,,,,,,356.2352258,,398,600.6,,,,,,,,,,689.3125,,,
1776,,,217.8583111,,1004,,,,,,,,,,,,,,,608,364.44,586.5909091,,,371.35675,220.4285714,772.2,,,,,,,,,359.9518065,,397.4,598.456,,,,,,,,,,689.125,,,
1777,,,217.8144,,1008,,,,,,,,,,,,,,,616,365.38,585.1136364,,,371.716625,221.1190476,775.9,,,,,,,,,363.6683871,,396.8,596.312,,,,,,,,,,688.9375,,,
1778,,,217.7704889,,1012,,,,,,,,,,,,,,,624,366.32,583.6363636,,,372.0765,221.8095238,779.6,,,,,,,,,367.3849677,,396.2,594.168,,,,,,,,,,688.75,,,
1779,,,217.7265778,,1016,,,,,,,,,,,,,,,632,367.26,582.1590909,,,372.436375,222.5,783.3,,,,,,,,,371.1015484,,395.6,592.024,,,,,,,,,,688.5625,,,
1780,,,217.6826667,,1020,,,,,,,,,,,,,,,640,368.2,580.6818182,,,372.79625,223.1904762,787,,,,,,,,,374.818129,,395,589.88,,,,,,,,,,688.375,,,
1781,,,217.6387556,,1024,,,,,,,,,,,,,,,648,369.14,579.2045455,,,373.156125,223.8809524,790.7,,,,,,,,,378.5347097,,394.4,587.736,,,,,,,,,,688.1875,,,
1782,,,,,1028,,,,,,,,,,,,,,,656,370.08,577.7272727,,,373.516,224.5714286,794.4,,,,,,,,,382.2512903,,393.8,585.592,,,,,,,,217.8,,688,,,
1783,,,,,1032,,,,,,,,,,,,,,,664,371.02,576.25,,,373.875875,225.2619048,798.1,,,,,,,,,385.967871,,393.2,583.448,,,,,,,,219.2,,687.8125,,,
1784,,,,,1036,,,,,,,,,,,,,,,672,371.96,574.7727273,,,374.23575,225.952381,801.8,,,,,,,,,389.6844516,,392.6,581.304,,,,,,,,220.6,,687.625,,,
1785,,,,,1040,,,,,,,,,,,,,,,680,372.9,573.2954545,,,374.595625,226.6428571,805.5,,,,,,,,,393.4010323,,392,579.16,,,,,,,,222,,687.4375,,,
1786,,,,,1044,,,,,,,,,,,,,,,688,373.84,571.8181818,,,374.9555,227.3333333,809.2,,,,,,,,,397.1176129,,391.4,577.016,,,,,,,,223.4,,687.25,,,
1787,,,,,1048,,,,,,,,,,,,,,,696,374.78,570.3409091,,,375.315375,228.0238095,812.9,,,,,,,,,400.8341935,,390.8,574.872,,,,,,,,224.8,,687.0625,,,
1788,,,,,1052,,,,,,,,,,,,,,,704,375.72,568.8636364,,,375.67525,228.7142857,816.6,,,,,,,,,404.5507742,,390.2,572.728,,,,,,,,226.2,,686.875,,,
1789,,,,,1056,,,,,,,,,,,,,,,712,376.66,567.3863636,,,376.035125,229.4047619,820.3,,,,,,,,,408.2673548,,389.6,570.584,,,,,,,,227.6,,686.6875,,,
1790,,,,,1060,,,,,,,,,,,,,,,720,377.6,565.9090909,,,376.395,230.0952381,824,,,,,,,,,411.9839355,,389,568.44,,,,,,,,229,,686.5,,,
1791,,,,,1064,,,,,,,,,,,,,,,728,378.54,564.4318182,,,376.754875,230.7857143,827.7,,,,,,230.5,,,415.7005161,,388.4,566.296,,,,,,,,231.8,,686.3125,,,
1792,,,,,1068,,,,,,,,,,,,,,,736,379.48,562.9545455,,,377.11475,,831.4,,,,,,232.4444444,,,419.4170968,,387.8,564.152,,,,,,,,233.2,,686.125,,,
1793,,,,,1072,,,,,,,,,,,,,,,744,380.42,561.4772727,,,377.474625,,835.1,,,,,,234.3888889,,,423.1336774,,387.2,562.008,,,,,,,,234.6,,685.9375,,,
1794,,,,,1076,,,,,,,,,,,,,,,752,381.36,560,,,377.8345,,838.8,,,,,,236.3333333,,,426.8502581,,386.6,559.864,,,,,,,,236,,685.75,,,
1795,,,,,1080,,,,,,,,,,,,,,,760,382.3,561.6666667,,,378.194375,,842.5,,,,,,238.2777778,,,430.5668387,,386,557.72,,,,,,,,237.4,,685.5625,,,
1796,,,,,1084,,,,,,,,,,,,,,,768,383.24,563.3333333,,,378.55425,,846.2,,,,,,240.2222222,,,434.2834194,,385.4,555.576,,,,,,,,238.8,,685.375,,,
1797,,,,,1088,,,,,,,,,,,,,,,776,384.18,565,,,378.914125,,849.9,,,,,,242.1666667,,,438,,384.8,553.432,,,,,,,,240.2,,685.1875,,,
1798,,,,,1092,,,,,,,,,,,,,,,784,385.12,566.6666667,,,379.274,,853.6,,,,,,244.1111111,,,435.3333333,,384.2,551.288,,,,,,,,241.6,,685,,,
1799,,,,,1096,,,,,,,,,,,,,,,792,386.06,568.3333333,,,378.137,,857.3,,,,,,246.0555556,,,432.6666667,,383.6,549.144,,,,,,,,243,,685,,,
1800,,,,,1100,,,,,,,,,,,,,,,800,387,570,,,377,,861,,,,,,248,,,430,,383,547,,,,,,,,244.4,,685,,,
1801,,,,,1109.52381,,,,,,,,,,,,,,,804,387.92,571.84,,,375.92,,864.845,,,,,,250.0167273,,,426.339,,381.68,547.756,,,,,,,,,,685,,,
1802,,,,,1119.047619,,,,,,,,,,,,,,,808,388.84,573.68,,,374.84,,884.4347917,,248,,,,252.0334545,,,423.1582083,,380.36,560.5578333,,,,,,,,,,685,,,
1803,,,,,1128.571429,,,,,,,,,,,,,,,812,389.76,575.52,,,373.76,,904.0245833,,252,,,,254.0501818,,,419.9774167,,379.04,573.3596667,,,,,,,,,,685,,,
1804,,,,,1138.095238,,,,,,,,,,,,,,,816,390.68,577.36,,,372.68,,923.614375,,256,,,,256.0669091,,,416.796625,,377.72,586.1615,,,,,,,,,,685,,,
1805,,,,,1147.619048,,,,,,,,,,,,,,,820,391.6,579.2,,,371.6,,943.2041667,,260,,,,,,,413.6158333,,376.4,598.9633333,,,,263.76,,,,,,687.2380952,,,
1806,,,,,1157.142857,,,,,,,,,,,,,,,824,392.52,581.04,,,370.52,,962.7939583,,264,,,,,,,410.4350417,,375.08,611.7651667,,,,272.472,,,,,,689.4761905,,,
1807,,,,,1166.666667,,,,,,,,,,,,,,,828,393.44,582.88,,,369.44,,982.38375,,268,,,,,,,407.25425,,373.76,624.567,,,,281.184,,,,,,691.7142857,,,
1808,,,,,1176.190476,,,,,,,,,,,,,,,832,394.36,584.72,,,368.36,,1001.973542,,272,,,,,,,404.0734583,,372.44,637.3688333,,,,289.896,,,,,,693.952381,,,
1809,,,,,1185.714286,,,,,,,,,,,,,,,836,395.28,586.56,,,367.28,,1021.563333,,276,,,,,,,400.8926667,,371.12,650.1706667,,,,298.608,,,,,,696.1904762,,,
1810,,,,,1195.238095,,,,,,,,,,,,,,,840,396.2,588.4,,,366.2,,1041.153125,,280,,,,,,,397.711875,,369.8,662.9725,,,,307.32,,,,,,698.4285714,,,
1811,,,,,1204.761905,,,,,,,,,,,,,,,844,397.12,590.24,,,365.12,,1060.742917,,284,,,,,,,394.5310833,,368.48,675.7743333,,,,316.032,,,,,,700.6666667,,,
1812,,,,,1214.285714,,,,,,,,,,,,,,,848,398.04,592.08,,,364.04,,1080.332708,,288,,,,,,,391.3502917,,367.16,688.5761667,,,,324.744,,,,,,702.9047619,,,
1813,,,,,1223.809524,,,,,,,,,,,,,,,852,398.96,593.92,,,362.96,,1099.9225,,292,,,,,,,388.1695,,365.84,701.378,,,,333.456,,,,,,705.1428571,,,
1814,,,,,1233.333333,,,,,,,,,,,,,,,856,399.88,595.76,,,361.88,,1119.512292,,296,,,,,,,384.9887083,,364.52,714.1798333,,,,342.168,,,,,,707.3809524,,,
1815,,,,,1242.857143,,,,,,,,,,,,,,,860,400.8,597.6,,,360.8,,1139.102083,,300,,,,,,,381.8079167,,363.2,726.9816667,,,,350.88,,,,,,709.6190476,,,
1816,,,,,1252.380952,,,,,,,,,,,,,,,864,401.72,605.34,,,359.72,,1158.691875,,300,,,,,,,378.627125,,361.88,739.7835,,,,359.592,,,,,,711.8571429,,,
1817,,,,,1261.904762,,,,,,,,,,,,,,,868,402.64,613.08,,,358.64,,1178.281667,,300,,,,,,,375.4463333,,360.56,752.5853333,,,,368.304,,,,,,714.0952381,,,
1818,,,,,1271.428571,,,,,,,,,,,,,,,872,403.56,620.82,,,357.56,,1197.871458,,300,,,,,,,372.2655417,,359.24,765.3871667,,,,377.016,,,,,,716.3333333,,,
1819,,,,,1280.952381,,,,,,,,,,,,,,,876,404.48,628.56,,,356.48,,1217.46125,,300,,,,,,,369.08475,,357.92,778.189,,,,385.728,,,,,,718.5714286,,,
1820,,,,,1290.47619,,,,,,,,,,,,,,,880,405.4,636.3,,,355.4,,1237.051042,,300,,,,,,,365.9039583,,356.6,790.9908333,,,,394.44,,,,,,720.8095238,,,
1821,,,,,1300,,,,,,,,,,,,,,,884,406.32,644.04,,,354.32,,1256.640833,,300,,,,,,,362.7231667,,355.28,803.7926667,,,,403.152,,,,,,723.047619,,,
1822,,,,,1312.5,,,,,,,,,,,,,,,888,407.24,651.78,,,353.24,,1276.230625,,300,,,,,,,359.542375,,353.96,816.5945,,,,411.864,,,,,,725.2857143,,,
1823,,,,,1325,,,,,,,,,,,,,,,892,408.16,659.52,,,352.16,,1295.820417,,300,,,,,,,356.3615833,,352.64,829.3963333,,,,420.576,,,,,,727.5238095,,,
1824,,,,,1337.5,,,,,,,,,,,,,,,896,409.08,667.26,,,351.08,,1315.410208,,300,,,,,,,353.1807917,,351.32,842.1981667,,,,429.288,,,,,,729.7619048,,,
1825,,,,,1350,,,,,,,,,,,,,,,900,410,675,,,350,,1335,,,,,,,,,350,,350,855,,,,438,,,,302,,732,,,
1826,,,,,1364.9,,,,,,,,,,,,,,,900,410.96,680,,,349.4210476,,1373.338563,,,,,,,,,352.54065,,348.8,874.7619048,,,,439.5407391,,,,305,,733.9473684,,,
1827,,,,,1379.8,,,,,,,,,,,,,,,900,411.92,685,,,348.8420952,,1411.677125,,,,,,,,,355.0813,,347.6,894.5238095,,,,441.0814783,,,,308,,735.8947368,,,
1828,,,,,1394.7,,,,,,,,,,,,,,,900,412.88,690,,,348.2631429,,1450.015688,,,,,,,,,357.62195,,346.4,914.2857143,,,,442.6222174,,,,311,,737.8421053,,,
1829,,,,,1409.6,,,,,,,,,,,,,,,900,413.84,695,,,347.6841905,,1488.35425,,,,,,,,,360.1626,,345.2,934.047619,,,,444.1629565,,,,314,,739.7894737,,,
1830,,,,,1424.5,,,,,,,,,,,,,,,900,414.8,700,,,347.1052381,,1526.692813,,,,,,,,,362.70325,,344,953.8095238,,,,445.7036957,,,,317,,741.7368421,,,
1831,,,,,1439.4,,,,,,,,,,,,,,,900,415.76,704.3333333,,,346.5262857,,1565.031375,,,,,,,,,365.2439,,342.8,973.5714286,,,,447.2444348,,,,,,743.6842105,,321.2196,
1832,,,,,1454.3,,,,,,,,,,,,,,,900,416.72,708.6666667,,,345.9473333,,1603.369938,,,,,,,,,367.78455,,341.6,993.3333333,,,,448.7851739,,,,,,745.6315789,,326.7562,
1833,,,,,1469.2,,,,,,,,,,,,,,,900,417.68,713,,,345.368381,,1641.7085,,,,,,,,,370.3252,,340.4,1013.095238,,,,450.325913,,,,,,747.5789474,,332.2928,
1834,,,,,1484.1,,,,,,,,,,,,,,,900,418.64,717.3333333,,,344.7894286,,1680.047063,,,,,,,,,372.86585,341.3042,339.2,1032.857143,,,,451.8666522,,,,,,749.5263158,,343.366,
1835,,,,,1499,,,,,,,,,,,,,,,900,419.6,721.6666667,,,344.2104762,,1718.385625,,,,,,,,,375.4065,360.338,,1052.619048,,,,453.4073913,,,,,,751.4736842,,348.9026,
1836,,,,,1513.9,,,,,,,,,,,,,,,883.3333333,420.56,726,,,343.6315238,,1756.724188,,,,,,,,,377.94715,379.3718,,1072.380952,,,,454.9481304,,,,,,753.4210526,,354.4392,
1837,,,,,1528.8,,,,,,,,,,,,,,,866.6666667,421.52,730.3333333,,,,,1795.06275,,,,,,,355.2743043,,380.4878,398.4056,,1092.142857,,,,456.4888696,,,,,,755.3684211,,359.9758,
1838,,,,,1543.7,,,,,,,,,,,,,,,850,422.48,734.6666667,,,,,1833.401313,,,,,,,372.8446957,,383.02845,417.4394,,1111.904762,,,,458.0296087,,,,,,757.3157895,,365.5124,
1839,,,,,1558.6,,,,,,,,,,,,,,,852.0833333,423.44,739,,,,,1871.739875,,,,,,,390.415087,,385.5691,436.4732,,1131.666667,,,,459.5703478,,,,,,759.2631579,,371.049,
1840,,,,,1573.5,,,,,,,,,,,,,,,854.1666667,424.4,743.3333333,,,,,1910.078438,,,,,,,407.9854783,,388.10975,455.507,,1151.428571,,,,461.111087,,,,,,761.2105263,,376.5856,
1841,,,,,1588.4,,,,,,,,,,,,,,,856.25,425.36,747.6666667,,,,,1948.417,,,,,,,425.5558696,,390.6504,474.5408,,1171.190476,,,,462.6518261,,,,,,763.1578947,,382.1222,
1842,,,,,1603.3,,,,,,,,,,,,,,,858.3333333,426.32,752,,,,,1989.704,,,,,,,443.1262609,,393.19105,493.5746,,1190.952381,,,,464.1925652,,,,,,765.1052632,,387.6588,
1843,,,,,1618.2,,,,,,,,,,,,,,,860.4166667,427.28,756.3333333,,,,,2030.991,,,,,,,460.6966522,,395.7317,512.6084,,1210.714286,,,,465.7333043,,,,,,767.0526316,,393.1954,
1844,,,,,1633.1,,,,,,,,,,,,,,,862.5,428.24,760.6666667,,,,,2072.278,,,,,,,478.2670435,,398.27235,531.6422,,1230.47619,,,,467.2740435,,,,,,769,,404.2686,
1845,,,,,1648,401.2,,,,,,,,,,,,,,864.5833333,429.2,765,,,,,2113.565,,,,,,,495.8374348,,400.813,550.676,,1250.238095,,,,468.8147826,,,,,,770.8333333,,409.8052,
1846,,,,,1648,410.16,,,,,,,,,,,,,,866.6666667,430.16,769.3333333,,,,,2154.852,,,,,,,513.4078261,,,569.7098,,1270,,,,470.3555217,,,,,,772.6666667,,415.3418,
1847,,,,,1648,419.12,,,,,,,,,,,,,,868.75,431.12,773.6666667,,,,,2196.139,,,,,,,530.9782174,,,588.7436,,1281,,,,471.8962609,,,,,,774.5,,420.8784,
1848,,,,,1648,428.08,,,,,,,,,,,,,,870.8333333,432.08,778,,,,,2237.426,,,,,,,548.5486087,,,607.7774,,1292,,,,473.437,,,,,,776.3333333,,426.415,
1849,,,,,1648,437.04,,,,,,,,,,,,,,872.9166667,433.04,781.5,,,,,2278.713,,,,,,,566.119,,,626.8112,,1303,,,,487.7185,,,,,,778.1666667,,450.1584,
1850,,,,,1648,446,,,,,,,,,,,,,,875,434,785,,,,,2320,,,,,,,580,,,645.845,,1314,,,,502,,,,,,780,,473.9018,
1851,,,,,1617.272727,469.96,,,,,,,,,,,,,,873.0769231,,788.52,,,,,2362.236,,,,,,,596.8972857,,,696.0112,,1325,,440.81216,,517.1205,,,,,,782,,497.6452,
1852,,,,,1586.545455,493.92,,,,,,,,,,,,,,871.1538462,,792.04,,,,,2440.517833,,,,,,,613.7945714,,,746.1774,,1363.541667,,455.40332,,532.241,,,,,,784,,521.3886,
1853,,,,,1555.818182,517.88,,,,,,,,,,,,,,869.2307692,,795.56,,,,,2518.799667,,,,,,,630.6918571,,,796.3436,,1402.083333,,469.99448,,542.3174783,,,,,,786,,545.132,
1854,,,,,1525.090909,541.84,,,,,,,,,,,,,,867.3076923,,799.08,,,,,2597.0815,,,,,,,647.5891429,,,846.5098,,1440.625,,484.58564,,552.3939565,,,,,,788,,568.8754,
1855,,,,,1494.363636,565.8,,,,,,,,,,,,,,865.3846154,,802.6,,,,,2675.363333,,,,,,,664.4864286,,,896.676,,1479.166667,,499.1768,,562.4704348,,,,,,787.648619,,592.6188,
1856,,,,,1463.636364,589.76,,,,,,,,,,,,,,863.4615385,,806.12,,,,,2753.645167,,,,,,,681.3837143,,,946.8422,,1517.708333,,513.76796,,572.546913,,,,,,787.2972381,,616.3622,
1857,,,,,1432.909091,613.72,,,,,,,,,,,,,,861.5384615,,809.64,,,,,2831.927,,,,,,,698.281,,,997.0084,,1556.25,,528.35912,,582.6233913,,,,,,786.9458571,,640.1056,
1858,,,,,1402.181818,637.68,,,,,,,,,,,,,,859.6153846,,813.16,,,,,2910.208833,,,,,,,715.1782857,,,1047.1746,,1594.791667,,542.95028,,592.6998696,,,,,,786.5944762,,663.849,
1859,,,,,1371.454545,661.64,,,,,,,,,,,,,,857.6923077,,816.68,,,,,2988.490667,,,,,,,732.0755714,,,1097.3408,,1633.333333,,557.54144,,602.7763478,,,,,,786.2430952,,687.5924,
1860,,,,,1340.727273,685.6,,,,,,,,,,,,,,855.7692308,,820.2,,,,,3066.7725,,,,,,,748.9728571,,,1147.507,,1671.875,,572.1326,,612.8528261,,,,,,785.8917143,,711.3358,
1861,,,,,1310,709.56,,,,,,,,,,,,,,853.8461538,,823.72,,,,,3145.054333,,,,,,,765.8701429,,,1197.6732,,1710.416667,,586.72376,,622.9293043,,,,,,785.5403333,,735.0792,
1862,,,,,1280.714286,733.52,,,,,,,,,,,,,,851.9230769,,827.24,,,,,3223.336167,,,,,,,782.7674286,,,1247.8394,,1748.958333,,601.31492,,633.0057826,,,,,,785.1889524,,758.8226,
1863,,,,,1251.428571,757.48,,,,,,,,,,,,,,850,,830.76,,,,,3301.618,,,,,,,799.6647143,,,1298.0056,,1787.5,,615.90608,,643.0822609,,,,,,784.8375714,,782.566,
1864,,,,,1222.142857,781.44,,,,,,,,,,,,,,835,,834.28,,,,,3379.899833,,,,,,,816.562,,,1348.1718,,1826.041667,,630.49724,,653.1587391,,,,,,784.4861905,,806.3094,
1865,,,,,1192.857143,805.4,,,,,,,,,,,,,,820,,837.8,,,,,3458.181667,,,,,,,807.6018182,,,1398.338,,1864.583333,,645.0884,,663.2352174,,,,,,784.1348095,,830.0528,
1866,,,,,1163.571429,829.36,,,,,,,,,,,,,,805,,841.32,,,,,3536.4635,,,,,,,798.6416364,,,1448.5042,,1903.125,,659.67956,,673.3116957,,,,,,783.7834286,,853.7962,
1867,,,,,1134.285714,853.32,,,,,,,,,,,,,,790,,844.84,,,,,3614.745333,,,,,,,789.6814545,,,1498.6704,,1941.666667,,674.27072,,683.3881739,,,,,,783.4320476,,877.5396,
1868,,,,,1105,877.28,,,,,,,,,,,,,,775,,848.36,,,,,3693.027167,,,,,,,780.7212727,,,1548.8366,,1980.208333,,688.86188,,693.4646522,,,,,,783.0806667,,901.283,
1869,,,,,1075.714286,901.24,,,,,,,,,,,,,,760,,851.88,,,,,3771.309,,,,,,,771.7610909,,,1599.0028,,2018.75,,703.45304,,703.5411304,,,,,,782.7292857,,925.0264,
1870,,,,,1046.428571,925.2,,,,,,,,,,,,,,745,,855.4,,,,,3849.590833,,,,,,,762.8009091,,,1649.169,,2057.291667,,718.0442,,713.6176087,,,,,,782.3779048,,948.7698,
1871,,,,,1017.142857,949.16,,,,,,,,,,,,,,730,,858.92,,,,,3927.872667,,,,,,,753.8407273,,,1699.3352,,2095.833333,,732.63536,,723.694087,,,,,,782.0265238,,972.5132,
1872,,,,,987.8571429,973.12,,,,,,,,,,,,,,715,,862.44,,,,,4006.1545,,,,,,,744.8805455,,,1749.5014,,2134.375,,747.22652,,733.7705652,,,,,,781.6751429,,996.2566,
1873,,,,,958.5714286,997.08,,,,,,,,,,,,,,700,,865.96,,,,,4084.436333,,,,,,,735.9203636,,,1799.6676,,2172.916667,,761.81768,,743.8470435,,,,,,781.3237619,,1020,
1874,,,,,929.2857143,1021.04,,,,,,,,,,,,,,685,,869.48,,,,,4162.718167,,,,,,,726.9601818,,,1849.8338,,2211.458333,,776.40884,,753.9235217,,,,,,780.972381,,1047.12,
1875,,,,,900,1045,,,,,,,,,,,,,,,,873,,680,,,4241,,,,,,,718,,,1900,,2250,,791,,764,,,,,,780.621,,1074.24,
1876,,,,,908,1111.48,,,,,,,,,,,,,,,,873.0565,,696.2,,,4330.56,,,,,,,720.48,,,1993.68,,2293.2,,816.08,,791,,,,,,809.27616,,1101.36,
1877,,,,,916,1177.96,,,,,,,,,,,,,,,,873.113,,712.4,,,4420.12,,,,,,,722.96,,,2087.36,,2336.4,,841.16,,818,,,,,,837.93132,,1128.48,
1878,,,,,924,1244.44,,,,,,,,,,,,,,,,873.1695,,728.6,,,4509.68,,,,,,,725.44,,,2181.04,,2379.6,,866.24,,845,,,,,,866.58648,,1155.6,
1879,,,,,932,1310.92,,,,,,,,,,,,,,,,873.226,,744.8,,,4599.24,,,,,,,727.92,,,2274.72,,2422.8,,891.32,,872,,,,,,895.24164,,1182.72,
1880,,,,,940,1377.4,,,,,,,,,,,,,,,,873.2825,,761,,,4688.8,,,759,,,,,,,2368.4,,2466,,916.4,,899,,,,,,923.8968,,1209.84,
1881,,,,,948,1443.88,,,,,,,,,,,,,,,,873.339,,777.2,,,4778.36,,,792.8,,,,,,,2462.08,,2509.2,,941.48,,926,,,,,,952.55196,,1236.96,
1882,,,,,956,1510.36,,,,,,,,,,,,,,,,873.3955,,793.4,,,4867.92,,,826.6,,,,,,,2555.76,,2552.4,,966.56,,953,,,,,,981.20712,,1264.08,
1883,,,,,964,1576.84,,,,,,824.84,,,,,,,,,,873.452,,,,,4957.48,,,860.4,,,,,,,2649.44,,2595.6,,991.64,,980,,,,,,1009.86228,,1291.2,
1884,,,,,972,1643.32,,,,,,877.32,,,,,,,,,,873.5085,,,,,5047.04,,,894.2,,,,,,,2743.12,,2638.8,,1016.72,,1007,,,,,,1038.51744,,1318.32,
1885,,,,,980,1709.8,,,,,,929.8,,,,,,,,,,873.565,,,,,5136.6,,,928,,,,,,,2836.8,,2682,,1041.8,,1034,,,,,,1067.1726,,1345.44,
1886,,,,,988,1776.28,,,,,,982.28,,,,,,,,,,875.3273333,,,,,5226.16,,,961.8,,,,,,,2930.48,,2725.2,,1066.88,,1061,,,,,,1095.82776,,1372.56,
1887,,,,,996,1842.76,,,,,,1034.76,,,,,,,,,,877.0896667,,,,,5315.72,,,995.6,,,,,,,3024.16,,2768.4,,1091.96,,1088,,,,,,1124.48292,,1399.68,
1888,,,,,1004,1909.24,,,,,,1087.24,,,,,,,,,,,,890.6,,,5405.28,,,1029.4,,,,,,,3117.84,,2811.6,,1117.04,,1115,,,,,,1153.13808,,1426.8,
1889,,,,,1012,1975.72,,910.08,,,,1139.72,,,,,,,,,,,,,,,5494.84,,,1063.2,,,,,,,3211.52,,2854.8,,1142.12,,1142,,,,,,1181.79324,,1453.92,
1890,,,,,1020,2042.2,,940.8,,,,1192.2,,,,,,,,,,,,,,,5584.4,,,1097,,,,,,,3305.2,,2898,,1167.2,,1169,,,,,,1210.4484,,1481.04,
1891,,,,,1028,2108.68,,971.52,,,,1244.68,,,,,,,,,,,,,,,5673.96,,,1130.8,,,,,,,3398.88,,2941.2,,1192.28,,1196,,,,,,1239.10356,,1508.16,
1892,,,,,1036,2175.16,,1002.24,,,,1297.16,,,,,,,,,,,,,,,5763.52,,,1164.6,,,,,,,3492.56,,2984.4,,1217.36,,1223,,,,,,1267.75872,,1535.28,
1893,,,,,1044,2241.64,,1032.96,,,,1349.64,,,,,,,,,,,,,,,5853.08,,,1198.4,,,,,,,3586.24,,3027.6,,1242.44,,1250,,,,,,1296.41388,,1562.4,
1894,,,,,1052,2308.12,,1063.68,,,,1402.12,,,,,,,,,,,,,,,5942.64,,,1232.2,,,,,,,3679.92,,3070.8,,1267.52,,1277,,,,,,1325.06904,,1589.52,
1895,,,,,1060,2374.6,,1094.4,,,,1454.6,,,,,,,,,,,,,,,6032.2,,,1266,,,,,,,3773.6,,3114,,1292.6,,1304,,,,,,1353.7242,,1616.64,
1896,,,,,1068,2441.08,,1125.12,,,,1507.08,,,,,,,,,,,,,,,6121.76,,,1299.8,,,,,,,3867.28,,3157.2,,1317.68,,1331,,,,,,1382.37936,,1643.76,
1897,,,,,1076,2507.56,,1155.84,,,,1559.56,,,,,,,,,,,,,,,6211.32,,,1333.6,,,,,,,3960.96,,3200.4,,1342.76,,1358,,,,,,1411.03452,,1670.88,
1898,,,,,1084,2574.04,,1186.56,,,,1612.04,,,,,,,,,,,,,,,6300.88,,,1367.4,,,,,,,4054.64,,3243.6,,1367.84,,1385,,,,,,1439.68968,,1698,
1899,,,,,,2640.52,,1217.28,,,,1664.52,,,,,,,,,,,,,,,6390.44,,,1401.2,,,1099.2,,,,4148.32,,3286.8,,1392.92,,1412,,,,,,1468.34484,,1704.68,
1900,,,,,,2707,,1248,,,,1717,,,,,,,,,,,,,,,6480,,,1435,,,1120,,,,4242,,3330,,1418,,1439,,,,,,1497,,1711.36,
1901,,,,,,2763.642857,,1266,,,,1767.214286,,,,,,,,,,,,,,,6547.071429,,,1446.785714,,,1168.928571,,,,4417.571429,,3377.857143,,1442.428571,,1438.64,,,,,,1640.071429,,1718.04,
1902,,,,,,2820.285714,,1284,,,,1817.428571,,,,,,,,,,,,,,,6614.142857,,,1458.571429,,,1217.857143,,,,4593.142857,,3425.714286,,1466.857143,,1438.28,,,,,,1783.142857,,1724.72,
1903,,,,,,2876.928571,,1302,,,,1867.642857,,,,,,,,,,,,,,,6681.214286,,,1470.357143,,,1266.785714,,,,4768.714286,,3473.571429,,1491.285714,,1437.92,,,,,,1926.214286,,1731.4,
1904,,,,,,2933.571429,,1320,,,,1917.857143,,,,,,,,,,,,,,,6748.285714,,,1482.142857,,,1315.714286,,,,4944.285714,,3521.428571,,1515.714286,,1437.56,,,,,,2069.285714,,1738.08,
1905,,,,,,2990.214286,,1338,,,,1968.071429,,,,,,,,,,,,,,,6815.357143,,,1493.928571,,,1364.642857,,,,5119.857143,,3569.285714,,1540.142857,,1437.2,,,,,,2212.357143,,1744.76,
1906,,,,,,3046.857143,,1356,,,,2018.285714,,,,,,,,,,,,,,,6882.428571,,,1505.714286,,,1413.571429,,,,5295.428571,,3617.142857,,1564.571429,,1436.84,,,,,,2355.428571,,1751.44,
1907,,,,,,3103.5,,1374,,,,2068.5,,,,,,,,,,,,,,,6949.5,,,1517.5,,,1462.5,,,,5471,,3665,,1589,,1436.48,,,,,,2498.5,,1758.12,
1908,,,,,,3160.142857,,1392,,,,2118.714286,,,,,,,,,,,,,,,7016.571429,,,1529.285714,,,1511.428571,,,,5646.571429,,3712.857143,,1613.428571,,1436.12,,,,,,2641.571429,,1764.8,
1909,,,,,,3216.785714,,1410,,,,2168.928571,,,,,,,,,,,,,,,7083.642857,,,1541.071429,,,1560.357143,,,,5822.142857,,3760.714286,,1637.857143,,1435.76,,,,,,2784.642857,,1771.48,
1910,,,,,,3273.428571,,1428,,,,2219.142857,,,,,,,,,,,,,,,7150.714286,,,1552.857143,,,1609.285714,,,,5997.714286,,3808.571429,,1662.285714,,1435.4,,,,,,2927.714286,,1778.16,
1911,,,,,,3330.071429,,1446,,1453.428571,,2269.357143,,,,,,,,,,,,,,,7217.785714,,,1564.642857,,,1658.214286,,,,6173.285714,,3856.428571,,1686.714286,,,,,,,,3070.785714,,1784.84,
1912,,,,,,3386.714286,,1464,,1512.285714,,2319.571429,,,,,,,,,,,,,,,7284.857143,,,1576.428571,,,1707.142857,,,,6348.857143,,3904.285714,,1711.142857,,,,,,,,3213.857143,,1791.52,
1913,,,,,,3443.357143,,1482,,1571.142857,,2369.785714,,,,,,,,,,,,,,,7351.928571,,,1588.214286,,,1756.071429,,,,6524.428571,,3952.142857,,1735.571429,,,,,,,,3356.928571,,1798.2,
1914,,,,,,3500,,1500,,1630,,2420,,,,,,,,,,,,,,,7419,,,1600,,,1805,,,,6700,,4000,,1760,,,,,,,,3500,,1804.88,
1915,,,,,,3546.636364,,,,1700.909091,,2524,,,,,,,,,,,,,,,7448.363636,,,1611.363636,,,1801.272727,,,,6797.636364,1547.181818,4072.727273,,1789.545455,,,,,,,,3663.636364,,1811.56,
1916,,,,,,3593.272727,,,,1771.818182,,2628,,,,,,,,,,,,,,,7477.727273,,,1622.727273,,,1797.545455,,,,6895.272727,1614.363636,4145.454545,,1819.090909,,,,,,,,3827.272727,,1818.24,
1917,,,,,,3639.909091,,,,1842.727273,,2732,,,,,,,,,,,,,,,7507.090909,,,1634.090909,,,1793.818182,,,,6992.909091,1681.545455,4218.181818,,1848.636364,,,,,,,,3990.909091,,1824.92,
1918,,,,,,3686.545455,,,,1913.636364,,2836,,,,,,,,,,,,,,,7536.454545,,,1645.454545,,,1790.090909,,,,7090.545455,1748.727273,4290.909091,,1878.181818,,,,,,,,4154.545455,,1831.6,
1919,,,,,,3733.181818,,,,1984.545455,,2940,,,,,,,,,,,,,,,7565.818182,,,1656.818182,,,1786.363636,,,,7188.181818,1815.909091,4363.636364,,1907.727273,,,,,,,,4318.181818,,1838.28,
1920,,,,,,3779.818182,,,,2055.454545,,3044,,,,,,,,,,,,,,,7595.181818,,,1668.181818,,,1782.636364,,,,7285.818182,1883.090909,4436.363636,,1937.272727,,,,,,,,4481.818182,,1844.96,
1921,,,,,,3826.454545,,,,2126.363636,,3148,,,,,,,,,,,,,,,7624.545455,,,1679.545455,,,1778.909091,,,,7383.454545,1950.272727,4509.090909,,1966.818182,,,,,,,,4645.454545,,1851.64,
1922,,,,,,3873.090909,,,,2197.272727,,3252,,,,,,,,,,,,,,,7653.909091,,,1690.909091,,,1775.181818,,,,7481.090909,2017.454545,4581.818182,,1996.363636,,,,,,,,4809.090909,,1858.32,
1923,,,,,,3919.727273,,,,2268.181818,,3356,,,,,,,,,,,,,,,7683.272727,,,1702.272727,,,1771.454545,,,,7578.727273,2084.636364,4654.545455,,2025.909091,,,,,,,,4972.727273,,1865,
1924,,,,,,3966.363636,,,1722.181818,2339.090909,,3460,,,,,,,,,,,,,,,7712.636364,,,,,,1767.727273,,,,7676.363636,2151.818182,4727.272727,,2055.454545,,,,,,,,5136.363636,,1860.6,
1925,,,,,,4013,,,1764,2410,,3564,,,,,,,,,,,,,,,7742,,,,,,1764,,,,7774,2219,4800,,2085,,,,,,,,5300,,1856.2,
1926,,,,,,4000.76,,,1795.48,2517.52,,3621.4,,,,,,,,,,,,,,,7786.72,,,,,,1907.68,,,,7961.56,2410.44,4859.32,,2126.72,,,,,,,,5539,,,
1927,,,,,,3988.52,,,1826.96,2625.04,,3678.8,,,,,,,,,,,,,,,7831.44,,,,,,2051.36,,,,8149.12,2601.88,4918.64,,2168.44,,,,,,,,5778,,,
1928,,,,,,3976.28,,,1858.44,2732.56,,3736.2,,,,,,,,,,,,,,,7876.16,,,,,,2195.04,,,,8336.68,2793.32,4977.96,,2210.16,,,,,1968.72,,,6017,,,
1929,,,,,,3964.04,,,,2840.08,,3793.6,,,,,,,,,,,,1935.6,,,7920.88,,,,,,2338.72,,,,8524.24,2984.76,5037.28,,2251.88,,,,,2124.96,,,6256,,,
1930,,,,,,3951.8,,,,2947.6,,3851,,,,,,,,,,,,2072,,,7965.6,,,,,,2482.4,,,,8711.8,3176.2,5096.6,,2293.6,,,,,2281.2,,,6495,,,
1931,,,,,,3939.56,,,,3055.12,,3908.4,,,,,,,,,,,,2208.4,,,8010.32,,,,,,2626.08,,,,8899.36,3367.64,5155.92,,2335.32,,,,,2437.44,,,6734,,,
1932,,,,,,3927.32,,,,3162.64,,3965.8,,,,,,,,,,,,2344.8,,,8055.04,,,,,,2769.76,,,,9086.92,3559.08,5215.24,,2377.04,,,,,2593.68,,,6973,,,
1933,,,,,,3915.08,,,,3270.16,,4023.2,,,,,,,,,,,,2481.2,,,8099.76,,,,,,2913.44,,,,9274.48,3750.52,5274.56,,2418.76,,,,,2749.92,,,7212,,,
1934,,,,,,3902.84,,,,3377.68,,4080.6,,,,,,,,,,,,2617.6,,,8144.48,,,,,,3057.12,,,,9462.04,3941.96,5333.88,,2460.48,,,,,2906.16,,,7451,,,
1935,,,,,,3890.6,,,,3485.2,,4138,,,,,,,,,,,,2754,,,8189.2,,,,,,3200.8,,,,9649.6,4133.4,5393.2,,2502.2,,,,,3062.4,,,7690,,,
1936,,,,,,3878.36,,,,3592.72,,4195.4,,,,,,,,,,,,2890.4,,,8233.92,,,,,,3344.48,,,,9837.16,4324.84,5452.52,,2543.92,,,,,3218.64,,,7929,,,
1937,,,,,,3866.12,,,,3700.24,,4252.8,,,,,,,,,,,,3026.8,,,8278.64,,,,,,3488.16,,,,10024.72,4516.28,5511.84,,2585.64,,,,,3374.88,,,8168,,,
1938,,,,,,3853.88,,,,3807.76,,4310.2,,,,,,,,,,,,3163.2,,,8323.36,2654.48,,,,,3631.84,,,,10212.28,4707.72,5571.16,,,,,,,3531.12,,,8407,,,
1939,,,,,,3841.64,,,,3915.28,,4367.6,,,,,,,,,,,,3299.6,,,8368.08,2770.44,,,,,3775.52,,,,10399.84,4899.16,5630.48,,,,,,,3687.36,,,8646,,,
1940,,,,,,3829.4,,,,4022.8,,4425,,,,,,,,,,,,3436,,,8412.8,2886.4,,,,,3919.2,,,,10587.4,5090.6,5689.8,,,,,,,3843.6,,,8885,,,
1941,,,,,,3817.16,,,,4130.32,,4482.4,,,,,,,,,,,,3572.4,,,8457.52,3002.36,,,,,4062.88,,,,10774.96,5282.04,5749.12,,,,,,,3999.84,,,9124,,,
1942,,,,,,3804.92,,,,4237.84,,4539.8,,,,,,,,,,,,3708.8,,,8502.24,3118.32,,,,,4206.56,,,,10962.52,5473.48,5808.44,,,,,,,4156.08,,,9363,,,
1943,,,,,,3792.68,,,,4345.36,,4597.2,,,,,,,,,,,,3845.2,,,8546.96,3234.28,,,,,4350.24,,,,11150.08,5664.92,5867.76,,,,,,,4312.32,,,9602,,,
1944,,,,,,3780.44,,,,4452.88,,4654.6,,,,,,,,,,,,3981.6,,,8591.68,3350.24,,,,,4493.92,,,,11337.64,5856.36,5927.08,,,,,,,4468.56,,,9841,,,
1945,,,,,,3768.2,,,,4560.4,,4712,,,,,,,,,,,,4118,,,8636.4,3466.2,,,,,4637.6,,,,11525.2,6047.8,5986.4,,,,,,,4624.8,,,10080,,,
1946,,,,,,3755.96,,,,4667.92,,4769.4,,,,,,,,,,,,4254.4,,,8681.12,3582.16,,,,,4781.28,,,,11712.76,6239.24,6045.72,,,,,,,4781.04,,,10319,,,
1947,,,,,,3743.72,,,,4775.44,,4826.8,,,,,,,,,,,,4390.8,,,8725.84,3698.12,,,,,4924.96,,,,11900.32,6430.68,6105.04,,,,,,,4937.28,,,10558,,,
1948,,,,,,3731.48,,,,4882.96,,4884.2,,,,,,,,,,,,4527.2,,,8770.56,3814.08,,,,,5068.64,,,,12087.88,6622.12,6164.36,,,,,,,5093.52,,,10797,,,
1949,,,,,,3719.24,,,,4990.48,,4941.6,,,,,,,,,,,,4663.6,,,8815.28,3930.04,,,,,5212.32,,,,12275.44,6813.56,6223.68,,,,,,,5249.76,,,11036,,,
1950,,,,,,3707,,,,5098,,4999,,,,,,,,,,,,4800,,,8860,4046,,,,,5356,,,,12463,7005,6283,,,,,,,5406,,,11275,,,
1951,,,,,,3625.4,,,,5238.2,,5112.2,,,,,,,,,,,,4851,,,8743.6,4267.6,,,,,5434.6,,,,12614.2,7328.6,6385.6,,,,,,,5494,,,11762.6,,,
1952,,,,,,,,,,5378.4,,5225.4,,,,,,,,,,,,4902,,,8627.2,4489.2,,,,3736.6,5513.2,,,,12765.4,7652.2,6488.2,,,,,,,5582,,,12250.2,,,
1953,,,,,,,,,,5518.6,,5338.6,,,,,,,,,,,,4953,,,8510.8,4710.8,,,,3922.4,5591.8,,,,12916.6,7975.8,6590.8,,,,,,,5670,,,12737.8,,,
1954,,,,,,,,,,5658.8,,5451.8,,,,,,,,,,,,5004,,,8394.4,4932.4,,,,4108.2,5670.4,,,,13067.8,8299.4,6693.4,,,,,,,5758,,,13225.4,,,
1955,,,,,,,,,,5799,,5565,,,,,,,,,,,,5055,,,8278,5154,,,,4294,5749,,,,13219,8623,6796,,,,,,,5846,,,13713,,,
1956,,,,,,,,,,5958.8,,5688.6,,,,,,,,,,,,5174.4,,,8261.6,5429.2,,,,4531,5833.2,,,,13408,9021.4,6919,,,,,,,6040.8,,,14306.2,,,
1957,,,,,,,,,,6118.6,,5812.2,,,,,,,,,,,,5293.8,,,8245.2,5704.4,,,,4768,5917.4,,,,13597,9419.8,7042,,,,,,,6235.6,,,14899.4,,,
1958,,,,,,,,,,6278.4,,5935.8,,,,,,,,,,,,5413.2,,,8228.8,5979.6,,,,5005,6001.6,,,,13786,9818.2,7165,,,,,,,6430.4,,,15492.6,,,
1959,,,,,,,,,,6438.2,,6059.4,,,,,,,,,,,,5532.6,,,8212.4,6254.8,,,,5242,6085.8,,,,13975,10216.6,7288,,,,,,,6625.2,,,16085.8,,,
1960,,,,,,,,,,6598,,6183,,,,,,,,,,,,5652,,,8196,6530,,,,5479,6170,,,,14164,10615,7411,,,,,,,6820,,,16679,,,
1961,,,,,,,,,,6741.8,,6274.2,,,,,,,,,,,,5773.8,,,8130.6,6705.6,,,,5777,6260.4,,,,14366.6,11105,7499.8,,,,,,,6741.6,,,17400,,,
1962,,,,,,,,,,6885.6,,6365.4,,,,,,,,,,,,5895.6,,,8065.2,6881.2,,,,6075,6350.8,,,,14569.2,11595,7588.6,,,,,,,6663.2,,,18121,,,
1963,,,,,,,,,,7029.4,,6456.6,,,,,,,,,,,,6017.4,,,7999.8,7056.8,,,,6373,6441.2,,,,14771.8,12085,7677.4,,,,,,,6584.8,,,18842,,,
1964,,,,,,,,,,7173.2,,6547.8,,,,,,,,,,,,6139.2,,,7934.4,7232.4,,,,6671,6531.6,,,,14974.4,12575,7766.2,,,,,,,6506.4,,,19563,,,
1965,,,,,,,,,,7317,,6639,,,,,,,,,,,,6261,,,7869,7408,,,,6969,6622,,,,15177,13065,7855,,,,,,,6428,,,20284,,,
1966,,,,,,,,,,7578.6,,6828.2,,,,,,,,,,,,6394,,,7855.0666,7668.8,,,,7375.2,6718.8,,,,15592,13506.4,8059,,,,,,,6722.4,,,20886.8,,,
1967,,,,,,,,,,7840.2,,7017.4,,,,,,,,,,,,6527,,,7841.1332,7929.6,,,,7781.4,6815.6,,,,16007,13947.8,8263,,,,,,,7016.8,,,21489.6,,,
1968,,,,,,,,,,8101.8,,7206.6,,,,,,,,,,,,7695.6,,,7827.1998,8190.4,,,,8187.6,6912.4,,,,16422,14389.2,8467,,,,,6769.6,,7311.2,,,22092.4,,,
1969,,,,,,,,,,8363.4,,7395.8,,,,,,,,,,,,7888,,,7813.2664,8451.2,,,,8593.8,7009.2,,,,16837,14830.6,8671,,,,,7194.8,,7605.6,,,22695.2,,,
1970,,,,,,,,,,8625,,7585,,,,,,,,,,,,8116.4,,,7799.333,8712,,,,9000,7106,,,,17252,15272,8875,,,,,7620,,7900,,,23298,,,
1971,,,,,,,,,,8649,,7588,,,,,,,,,,,,8344.8,,,7785.3998,8754.8,,,,9460,7725.6,,,,17221.6,15477.2,8980,,,7260,,8018.8,,7920,,,23961.4,,,
1972,,,,,,,,,,8673,,7591,,,,,,,,,,,,8573.2,,,7771.4666,8797.6,,,,9920,7828.2,,,,17191.2,15682.4,9085,,,7520,,8417.6,,7940,,,24624.8,,,
1973,,,,,,,,,,8697,,7594,,,,,,,,,,,,8801.6,,,7757.5334,8840.4,,,,10380,,,,,17160.8,15887.6,9190,,,7780,,8816.4,,7960,,,25288.2,,,
1974,,,,,,,,,,8721,,,,,,,,,,,,,,9030,,,7743.6002,8883.2,,,,10840,,,,,17130.4,16092.8,9295,,,8040,,9215.2,,7980,,,25951.6,,,
1975,,,,,,,,,,8745,,,,,,,,,,,,,,9213.2,,,7729.667,8926,,,,11300,,,,,17100,16298,9400,,,8300,,9614,,8000,,,26615,,,
1976,,,,,,,,,,8880.4,,,,,,,,,,,,,,9396.4,,,,9043.2,,,,11645.6,,,,,16800.2,16444,9253.8,,,8396.8,,10109,,8238.36,,,27001.8,,,
1977,,,,,,,,,,9015.8,,,,,,,,,,,,,,9579.6,,,,9160.4,,,,11991.2,,,,,16500.4,16590,9107.6,,,8493.6,,10604,,8476.72,,,27388.6,,,
1978,,,,,,,,,,9151.2,,,,,,,,,,,,,,9762.8,,,,9277.6,,,,12336.8,,8027.6,,,16200.6,16736,8961.4,,,8590.4,,11099,,8715.08,,,27775.4,,,
1979,,,,,,,,,,9286.6,,,,,,,,,,,,,,9946,,,,9394.8,,,,12682.4,,8342.8,,,15900.8,16882,8815.2,,,8687.2,,11594,,8953.44,,,28162.2,,,
1980,,,,,,,,,,9422,,,,,,,,,,,,,,10134.8,,,,9512,,,,13028,,8658,,,15601,17028,8669,,,8784,,12089,,9191.8,,,28549,,,
1981,,,,,,,,,,9529.4,,,,,,,,,,,,,,10323.6,,,,9645.8,,,,13278,,9004.6,,,15646.2,17139,8726.4,,,8875.6,,12350.2,,9430.16,,,28900,,,
1982,,,,,,,,,,9636.8,,,,,,,,,,,,,,10512.4,,,,9779.6,,,,13528,,9351.2,,,15691.4,17250,8783.8,,,8967.2,,12611.4,,9668.52,,,29251,,,
1983,,,,,,,,,,9744.2,,,,,,,,,,,,,,10701.2,,,,9913.4,,,,13778,,9697.8,,,15736.6,17361,,,,9058.8,,12872.6,8903.6,9906.88,,,29602,,,
1984,,,,,,,,,,9851.6,,,,,,,,,,,,,,10890,,,,10047.2,,,,14028,,10044.4,,,15781.8,17472,,,,9150.4,,13133.8,9118.8,10145.24,,,29953,,,
1985,,,,,,,,,,9959,,,,,,,,,,,,,,11096.8,,,,10181,,,,14278,,10391,,,15827,17583,,,,9242,,13395,9334,10383.6,,,30304,,,
1986,,,,,,,,,,10069.8,,,,,,,,,,,,,,11303.6,,,,10321.4,,,,14550.8,,10800,,,15878.8,17744.2,,,,9333,,13671.2,9570.8,10621.96,,,30749.2,,,
1987,,,,,,,,,,10180.6,,,,,,,,,,,,,,11510.4,,,,10461.8,,,,14823.6,,11209,,,15930.6,17905.4,,,,9424,,13947.4,9807.6,10860.32,,,31194.4,,,
1988,,,,,,,,,,10291.4,,,,,,,,,,,,,,11717.2,,,,10602.2,,,,15096.4,,11618,,,15982.4,18066.6,,,,9515,,14223.6,10044.4,11098.68,,,31639.6,,,
1989,,,,,,,,,,10402.2,,,,,,,,,,,,,,11924,,,,10742.6,,,,15369.2,,12027,,,16034.2,18227.8,,,,9606,,14499.8,10281.2,11337.04,,,32084.8,,,
1990,,,,,,,,,,10513,9892,,,,,,,,,,,,,12150.8,,,,10883,,,,15642,,12436,,,16086,18389,,,,,,14776,10518,11575.4,,,32530,,,
1991,,,,,,,,,,10688.4,10306,,,,,,,,,,,,,12377.6,,,,10974.2,,,,15917,,12810.8,,,16257.4,18499.2,,,,,,15003.4,10463.8,11813.76,,,32741.4,,,
1992,,,,,,,,,,10863.8,10720,,,10798.4,,,,,,,,,,12604.4,,,,11065.4,,,,16192,,13185.6,,,16428.8,18609.4,,,,,,15230.8,,12052.12,,,32952.8,,,
1993,,,,,,,,,,11039.2,11134,,,11334.6,,,,,,,,,,12831.2,,,,11156.6,,,,16467,,13560.4,,,16600.2,18719.6,,,,,,15458.2,,12290.48,,,33164.2,,,
1994,,,,,,,,,,11214.6,11548,,,11870.8,,,,,,,,,,13058,,,,11247.8,,,,16742,,13935.2,,,16771.6,18829.8,,,,,,15685.6,,12528.84,,,33375.6,,,
1995,,,,,,,,,,11390,11962,,,12407,,,,,,,,,,13186.8,,,,11339,,,,17017,,14310,,,16943,18940,,,,,,15913,,12767.2,,,33587,,,
1996,,,,,,,,,,11593.4,12294.8,,,13072,,,,,,,,,,13315.6,,,,11430.8,,,,17305,,14721.4,,,17117,18884,,,,,,16133.2,,13005.56,,,33759.6,,,
1997,,,,,,,,,,11796.8,12627.6,,,13737,,,,,,,,,,13444.4,,,,11522.6,,,,17593,,15132.8,,,17291,18828,,,,,,16353.4,,13243.92,,,33932.2,,,
1998,,,,,,,,,,12000.2,12960.4,,,14402,,,,,,,,,,13573.2,,,,11614.4,,,,17881,,15544.2,,,17465,18772,,,,,,16573.6,,13482.28,,,34104.8,,,
1999,,,,,,,,,,12203.6,13293.2,,,15067,,,,,,,,,,13702,,,,11706.2,,,,18169,,15955.6,,,17639,18716,,,,,,16793.8,,13720.64,,,34277.4,,,
2000,,,,,,,,,,12407,13626,,,15732,,,,,,,,,,13818.2,,,,11798,,,,18457,,16367,,,17813,18660,,,,,,17014,,13959,,,34450,,,
2001,,,,,,,,,,12591.6,13935.6,,,16319.6,,,,,,,,,,13934.4,,,,11834,,,,18620.8,,16671.8,,,17867.8,18680.4,,,,,,17268.8,,14519.8,,,34684.4,,,
2002,,,,,,,,,,12776.2,14245.2,,,16907.2,,,,,,,,,,14050.6,,,,11870,,,,18784.6,,16976.6,,,17922.6,18700.8,,,,,,17523.6,,15080.6,,,34918.8,,,
2003,,,,,,,,,,12960.8,14554.8,,,17494.8,,,,,,,,,,14166.8,,,,11906,,,,18948.4,,17281.4,,,17977.4,18721.2,,,,,,17778.4,,15641.4,,,35153.2,,,
2004,,,,,12282.8,,,,,13145.4,14864.4,,,18082.4,,,,,,,,,,14283,,,,,,,,19112.2,,17586.2,,,18032.2,18741.6,,,,,,18033.2,,16202.2,,,35387.6,,,
2005,,,,,12813,,,,,13330,15174,,,18670,,,,,,,,,,,,,,,,,,19276,,17891,,,18087,18762,,,,,,18288,,16763,,,35622,,,
2006,,,,,13488.4,,,,,13513.2,15519,,,19323,,,,,,,,,,,,,,,,,,19447.2,,18197.2,,,18142.6,18908,,,,,,18562.4,,17406.4,,,35864.4,,,
2007,,,,,14163.8,,,,,13696.4,15864,,,19976,,,,,,,,,,,,,,,,,,19618.4,,18503.4,,,18198.2,19054,,,,,,18836.8,,18049.8,,,36106.8,,,
2008,,,,,14839.2,,,,,13879.6,16209,,,20629,,,,,,,,,,,,,,,,,,19789.6,,18809.6,,,18253.8,19200,,,,,,19111.2,,18693.2,,,36349.2,,,
2009,,,,,15514.6,,,,,,16554,,,21282,14251,,,,,,,,,,,,,,,,,19960.8,,19115.8,,,18309.4,19346,,,,,,19385.6,,19336.6,,,36591.6,,,
2010,,,,,16190,,,,,,16899,,,21935,14731,,,,,,,,,,,,,,,,,20132,,19422,,,18365,19492,,,,,,19660,,19980,,,36834,,,
2011,,,,,17028.8,,,,,,17273.6,,,22688.6,15304.4,,,,,,,,14588.4,,,,,,,,,20305.4,,19746.2,,,18410.6,19641.2,,,,,,19941.2,,20732.2,,,37067.4,,,
2012,,,,,17867.6,,,,,,17648.2,,,23442.2,15877.8,,,,,,,,15095.8,,,,,,,,,20478.8,,20070.4,,,18456.2,19790.4,,,,,,20222.4,,21484.4,,,37300.8,,,
2013,,,,,18706.4,,,,,,18022.8,,,24195.8,16451.2,,,,,,,,15603.2,,,,,,,,,20652.2,,20394.6,,,18501.8,19939.6,,,,,,20503.6,,22236.6,,,37534.2,,,
2014,,,,,19545.2,,,,,,18397.4,,,24949.4,17024.6,,,,,,,,16110.6,,,,,,,,,20825.6,,20718.8,,,18547.4,20088.8,,,,,,20784.8,,22988.8,,,37767.6,,,
2015,,,,,20384,,,,,,18772,,,25703,17598,,,,,,,,16618,,,,,,,,,20999,,21043,,,18593,20238,,,,,,21066,,23741,,,38001,,,
2016,,,,,21147.4,,,,,,19131.2,,,26432,18276.2,,,,,,,,17140.4,,,,,,,,,21172.8,,21402,,,18633,20295,,,,,,21276.6,,24420.2,,,38065.4,,,
2017,,,,,21910.8,,,,,,19490.4,,,27161,18954.4,,,,,,,,17662.8,,,,,,,,,21346.6,,21761,,,18673,20352,,,,,,21487.2,,25099.4,,,38129.8,,,
2018,,,,,22674.2,,,,,,19849.6,,,27890,19632.6,,,,,,,,18185.2,,,,,,,,,21520.4,,22120,,,18713,20409,,,,,,21697.8,,25778.6,,,38194.2,,,
2019,,,,,23437.6,,,,,,20208.8,,,28619,20310.8,,,,,,,,18707.6,,,,,,,,,21694.2,,22479,,,18753,20466,,,,,,21908.4,,26457.8,,,38258.6,,,
2020,,,,,24201,,,,,,20568,,,29348,20989,,,,,,,,19230,,,,,,,,,21868,,22838,,,18793,20523,,,,,,22119,,27137,,,38323,,,
2020,,,,,24201,,,,,,20568,,,29348,20989,,,,,,,,19230,,,,,,,,,21868,,22838,,,18793,20523,,,,,,22119,,27137,,,38323,,,
2020,,,,,24201,,,,,,20568,,,29348,20989,,,,,,,,19230,,,,,,,,,21868,,22838,,,18793,20523,,,,,,22119,,27137,,,38323,,,
2020,,,,,24201,,,,,,20568,,,29348,20989,,,,,,,,19230,,,,,,,,,21868,,22838,,,18793,20523,,,,,,22119,,27137,,,38323,,,
2020,,,,,24201,,,,,,20568,,,29348,20989,,,,,,,,19230,,,,,,,,,21868,,22838,,,18793,20523,,,,,,22119,,27137,,,38323,,,
2020,,,,,24201,,,,,,20568,,,29348,20989,,,,,,,,19230,,,,,,,,,21868,,22838,,,18793,20523,,,,,,22119,,27137,,,38323,,,
2020,,,,,24201,,,,,,20568,,,29348,20989,,,,,,,,19230,,,,,,,,,21868,,22838,,,18793,20523,,,,,,22119,,27137,,,38323,,,
2020,,,,,24201,,,,,,20568,,,29348,20989,,,,,,,,19230,,,,,,,,,21868,,22838,,,18793,20523,,,,,,22119,,27137,,,38323,,,
2020,,,,,24201,,,,,,20568,,,29348,20989,,,,,,,,19230,,,,,,,,,21868,,22838,,,18793,20523,,,,,,22119,,27137,,,38323,,,
2020,,,,,24201,,,,,,20568,,,29348,20989,,,,,,,,19230,,,,,,,,,21868,,22838,,,18793,20523,,,,,,22119,,27137,,,38323,,,
